Route Code,Starting Station,Wagons,VIRAR,Nalla Sopara,Vasai Road,Naigaon,Bhayandar,Mira Road,Dahisar,BORIVALI,Kandivli,Malad,Goregaon,Ram Mandir,Jogeshwari,ANDHERI,Vile Parle,Santa Cruz,Khar Road,BANDRA,Mahim Jn,Matunga Road,DADAR,Prabhadevi,Lower Parel,Mahalakshmi,MUMBAI CENTRAL,Grant Road,Charni Road,Marine Lines,CHURCHGATE
90002,ADH,12,,,,,,,,,,,,,,04:04,04:07,04:10,04:13,04:17,04:20,04:23,04:27,04:29,04:32,04:35,04:38,04:40,04:42,04:45,04:48
90004,BVI,12,,,,,,,,03:50,03:54,03:57,04:00,04:02,04:05,04:11,04:14,04:17,04:20,04:24,04:27,04:30,04:34,04:36,04:39,04:42,04:45,04:47,04:49,04:52,04:56
90006,VR,12,03:25,03:31,03:36,03:40,03:46,03:51,03:55,03:59,04:03,04:06,04:09,04:11,04:14,04:20,04:23,04:26,04:29,04:33,04:36,04:39,04:43,04:45,04:48,04:51,04:54,04:56,04:58,05:01,05:04
90008,BVI,12,,,,,,,,04:02,04:08,04:11,04:14,04:16,04:19,04:25,04:28,04:31,04:34,04:38,04:41,04:44,04:48,04:50,04:53,04:56,04:59,05:01,05:03,05:06,05:11
90012,BVI,12,,,,,,,,04:08,04:14,04:17,04:20,04:22,04:25,04:30,04:33,04:36,04:39,04:43,04:46,04:49,04:53,04:55,04:58,05:01,05:04,05:06,05:08,05:11,05:14
90014,NSP,12,,03:40,03:46,03:50,03:56,04:01,04:05,04:10,,,,,,,,,,,,,,,,,,,,,
90016,BVI,12,,,,,,,,04:14,04:19,04:22,04:25,04:27,04:30,04:35,04:38,04:41,04:44,04:48,04:51,04:54,04:58,05:00,05:03,05:06,05:09,05:11,05:13,05:16,05:20
90018,BYR,12,,,,,04:05,04:10,04:14,04:19,,,,,,04:35,,,,04:44,,,04:50,,,,04:57,04:59,05:01,05:04,05:08
90020,BVI,12,,,,,,,,04:23,04:29,04:32,04:35,04:37,04:40,04:45,04:48,04:51,04:54,04:58,05:01,05:04,05:08,05:10,05:13,05:16,05:19,05:21,05:23,05:26,05:29
90022,VR,12,03:53,03:59,04:04,04:09,04:15,04:20,04:24,04:29,,,,,,04:45,,,,04:55,,,05:01,,,,05:08,05:10,05:12,05:15,05:19
90024,BVI,12,,,,,,,,04:27,04:33,04:36,04:39,04:41,04:44,04:48,04:51,04:54,04:57,05:01,05:04,05:07,05:11,05:13,05:16,05:19,05:22,05:24,05:26,05:29,05:32
90026,NSP,12,,04:05,04:11,04:16,04:21,04:26,04:30,04:34,,,,,,,,,,,,,,,,,,,,,
90028,BVI,12,,,,,,,,04:37,04:42,04:45,04:48,04:50,04:53,04:57,05:01,05:04,05:07,05:11,05:14,05:17,05:21,05:23,05:26,05:29,05:32,05:34,05:36,05:39,05:42
90030,BVI,12,,,,,,,,04:41,04:47,04:50,04:53,04:55,04:58,05:04,05:07,05:10,05:13,05:17,05:20,05:23,05:27,05:29,05:32,05:35,05:38,05:40,05:42,05:45,05:48
90032,VR,12,04:11,04:17,04:22,04:26,04:32,04:37,04:41,04:46,,,,,,,,,,,,,,,,,,,,,
90034,BVI,12,,,,,,,,04:50,04:55,04:58,05:01,05:03,05:06,05:11,05:15,05:18,05:21,05:25,05:28,05:31,05:35,05:37,05:40,05:43,05:46,05:48,05:50,05:53,05:56
92002,VR,15,04:13,,04:22,,04:30,,,04:39,,,,,,04:51,,,,05:00,,,05:07,,,,,,,,
90038,BYR,12,,,,,04:36,04:41,04:45,04:50,,,,,,05:06,,,,05:15,,,05:21,,,,05:28,05:30,05:32,05:35,05:39
90040,BVI,12,,,,,,,,04:53,04:58,05:01,05:04,05:06,05:09,05:14,05:18,05:21,05:24,05:28,05:31,05:34,05:38,05:40,05:43,05:46,05:49,05:51,05:53,05:56,05:59
90042,VR,12,04:25,04:31,04:36,04:40,04:46,04:51,04:55,04:59,,,,,,05:14,,,,05:23,,,05:29,,,,05:36,05:38,05:40,05:43,05:47
90046,BVI,12,,,,,,,,04:58,05:03,05:06,05:09,05:11,05:14,05:19,05:23,05:26,05:29,05:33,05:36,05:39,05:43,05:45,05:48,05:51,05:54,05:56,05:58,06:01,06:04
90048,BYR,12,,,,,04:48,04:53,04:57,05:02,05:08,05:11,05:14,05:17,05:19,05:25,05:29,05:32,05:35,05:39,05:42,05:45,05:49,05:51,05:54,05:57,06:00,06:02,06:04,06:07,06:11
90050,BVI,12,,,,,,,,05:09,05:15,05:18,05:21,05:23,05:26,05:32,05:36,05:39,05:42,05:46,05:49,05:52,05:56,05:58,06:01,06:04,06:07,06:09,06:11,06:14,06:18
90052,NSP,12,,04:43,04:49,04:53,04:59,05:04,05:08,05:13,05:18,05:21,05:24,,05:29,05:35,,,,05:45,,,05:51,,,,05:58,06:00,06:02,06:05,06:09
90054,BYR,12,,,,,05:02,05:08,05:12,05:17,05:21,05:24,05:27,05:29,05:32,05:38,05:41,05:44,05:47,05:51,05:54,05:57,06:01,06:03,06:06,06:09,06:12,06:14,06:16,06:19,06:23
90056,BVI,12,,,,,,,,05:19,05:25,05:28,05:31,05:33,05:36,05:42,05:45,05:48,05:51,05:55,05:58,06:01,06:05,06:07,06:10,06:13,06:16,06:18,06:20,06:23,06:28
90058,VR,12,04:46,04:52,04:58,05:02,05:08,05:13,05:17,05:23,,,,,,05:39,,,,05:48,,,05:54,,,,06:01,06:03,06:05,06:08,06:12
90060,BYR,12,,,,,05:10,05:16,05:20,05:25,05:30,05:33,05:36,05:38,05:41,05:47,05:50,05:53,05:56,06:00,06:03,06:06,06:10,06:12,06:15,06:18,06:21,06:23,06:25,06:28,06:32
90062,BVI,12,,,,,,,,05:31,05:36,05:39,05:42,05:44,05:47,05:51,05:54,05:57,06:00,06:04,06:07,06:10,06:14,06:16,06:19,06:22,06:25,06:27,06:29,06:32,06:35
92004,VR,15,04:57,05:03,05:09,05:14,05:20,05:25,05:29,05:34,,,,,,05:48,,,,05:57,,,06:03,,,,06:10,,,,06:19
90066,BVI,12,,,,,,,,05:34,05:39,05:42,05:45,05:47,05:50,05:55,05:58,06:01,06:04,06:08,06:11,06:14,06:18,06:20,06:23,06:26,06:29,06:31,06:33,06:36,06:39
90068,NSP,12,,05:08,05:13,05:17,05:23,05:28,05:32,05:37,05:42,05:45,05:48,05:50,05:53,05:58,06:01,06:04,06:07,06:13,,,,,,,,,,,
90070,BYR,12,,,,,05:26,05:32,05:36,05:41,,,,,,05:56,,,,06:06,,,06:12,,,,06:20,06:22,06:24,06:27,06:31
92006,VR,15,05:07,,05:16,,05:25,,,05:38,,,,,,05:52,,,,06:02,,,06:09,,,,06:17,,,,06:28
90072,BVI,12,,,,,,,,05:41,05:47,05:50,05:53,05:55,05:58,06:03,06:06,06:09,06:12,06:16,06:19,06:22,06:26,06:28,06:31,06:34,06:37,06:39,06:41,06:44,06:47
90074,BVI,12,,,,,,,,05:45,05:51,05:54,05:57,05:59,06:02,06:07,06:10,06:13,06:16,06:20,06:23,06:26,06:30,06:32,06:35,06:38,06:41,06:43,06:45,06:48,06:52
90076,VR,12,05:11,05:18,05:23,05:28,05:34,05:40,05:44,05:48,,,,,,06:03,,,,06:12,,,06:18,,,,06:25,06:27,06:29,06:32,06:36
90080,BYR,12,,,,,05:38,05:44,05:48,05:52,05:56,05:59,06:02,06:04,06:07,06:13,06:17,06:20,06:23,06:27,06:30,06:33,06:37,06:39,06:42,06:45,06:48,06:50,06:52,06:55,06:59
90082,VR,12,05:18,05:24,05:29,05:33,05:39,05:44,05:48,05:52,,,,,,06:06,,,,06:16,,,06:22,,,,06:29,06:31,06:33,06:36,06:40
90084,BVI,12,,,,,,,,05:54,06:00,06:03,06:06,06:08,06:11,06:16,06:20,06:23,06:26,06:31,06:34,06:37,06:41,06:43,06:46,06:49,06:52,06:54,06:56,06:59,07:02
90086,BVI,12,,,,,,,,05:57,06:03,06:06,06:09,,06:14,06:20,,,,06:30,,,06:37,,,,06:44,06:46,06:48,06:51,06:56
90088,NSP,12,,05:31,05:37,05:41,05:47,05:52,05:56,06:01,06:06,06:09,06:12,06:14,06:17,06:23,06:26,06:29,06:32,06:38,,,,,,,,,,,
92008,VR,15,05:28,05:34,05:40,05:44,05:50,05:55,05:59,06:03,,,,,,06:17,,,,06:26,,,06:32,,,,06:40,,,,06:50
90092,BVI,12,,,,,,,,06:04,06:09,06:12,06:15,06:17,06:20,06:26,06:29,06:32,06:35,06:40,06:43,06:46,06:50,06:52,06:55,06:58,07:01,07:03,07:05,07:08,07:11
90094,BVI,12,,,,,,,,06:07,06:12,06:15,06:18,06:20,06:23,06:29,06:32,06:35,06:38,06:43,06:46,06:49,06:53,06:55,06:58,07:01,07:04,07:06,07:08,07:11,07:14
90096,VR,12,05:34,05:40,05:45,05:50,05:56,06:02,06:06,06:11,06:16,06:19,06:22,06:24,06:27,06:33,,,,,,,,,,,,,,,
90098,GMN,12,,,,,,,,,,,06:21,06:24,06:27,06:31,06:35,06:38,06:41,06:46,06:49,06:52,06:56,06:58,07:01,07:04,07:07,07:09,07:11,07:14,07:18
90100,VR,12,05:39,05:45,05:50,05:54,06:00,06:05,06:09,06:15,,,,,,,,,,,,,,,,,,,,,
90102,BVI,12,,,,,,,,06:15,06:20,06:23,06:26,06:28,06:31,06:36,06:39,06:42,06:45,06:49,06:52,06:55,06:59,07:01,07:04,07:07,07:10,07:12,07:14,07:17,07:21
90104,VR,12,05:43,05:49,05:56,06:01,06:07,06:12,06:16,06:20,,,,,,06:35,,,,06:44,,,06:50,,,,06:57,06:59,07:01,07:04,07:08
90106,ADH,12,,,,,,,,,,,,,,06:39,06:42,06:45,06:48,06:52,06:55,06:58,07:02,07:04,07:07,07:10,07:13,07:15,07:17,07:20,07:24
90108,BVI,12,,,,,,,,06:20,06:26,06:29,06:32,06:34,06:37,06:42,06:45,06:48,06:51,06:55,06:58,07:01,07:05,07:07,07:10,07:13,07:16,07:18,07:20,07:23,07:27
90110,BSR,12,,,05:58,06:04,06:10,06:15,06:19,06:24,,,,,,06:38,,,,06:47,,,06:53,,,,07:00,07:02,07:04,07:07,07:11
90112,BVI,12,,,,,,,,06:24,06:29,06:32,06:35,06:37,06:40,06:45,06:48,06:51,06:54,06:58,07:01,07:04,07:08,07:10,07:13,07:16,07:19,07:21,07:23,07:26,07:30
90114,VR,12,05:50,05:57,06:03,06:08,06:14,06:19,06:23,06:27,,,,,,06:41,,,,06:50,,,06:56,,,,07:03,07:05,07:08,07:11,07:15
90116,BVI,12,,,,,,,,06:27,06:32,06:35,06:38,06:40,06:43,06:48,06:51,06:54,06:57,07:01,07:04,07:07,07:11,07:13,07:16,07:19,07:22,07:24,07:26,07:29,07:33
90118,BYR,12,,,,,06:15,06:21,06:25,06:30,06:36,06:39,06:42,06:44,06:47,06:51,06:54,06:57,07:00,07:04,07:07,07:10,07:14,07:16,07:19,07:22,07:25,07:27,07:29,07:32,07:36
90120,BVI,12,,,,,,,,06:32,06:39,06:42,06:45,06:47,06:50,06:54,06:57,07:00,07:03,07:07,07:10,07:13,07:17,07:19,07:22,07:25,07:28,07:30,07:32,07:35,07:39
90122,ADH,12,,,,,,,,,,,,,,06:56,07:00,07:03,07:06,07:10,07:13,07:16,07:20,07:22,07:25,07:28,07:31,07:33,07:35,07:38,07:42
90124,VR,12,05:55,06:02,06:07,06:12,06:18,06:24,06:28,06:35,,,,,,,,,,,,,,,,,,,,,
90126,VR,12,06:00,06:06,06:11,,06:19,,,06:31,,,,,,06:48,,,,,,,,,,,,,,,
90128,BVI,12,,,,,,,,06:36,06:42,06:45,06:48,,06:53,06:59,,,,07:08,,,07:13,,,,07:20,07:22,07:24,07:27,07:31
90130,BVI,12,,,,,,,,06:39,06:45,06:48,06:51,06:53,06:56,07:01,07:04,07:07,07:10,07:14,07:17,07:20,07:24,07:26,07:29,07:32,07:35,07:37,07:39,07:42,07:45
90134,VR,12,06:07,06:13,06:18,06:22,06:28,06:33,06:37,06:41,,,,,,06:55,,,,07:05,,,07:10,,,,07:17,07:19,07:21,07:24,07:27
90136,VR,12,06:11,06:17,06:22,06:26,06:32,06:37,06:41,06:45,,,,,,07:02,,,,07:11,,,07:17,,,,07:24,07:26,07:28,07:31,07:35
90138,BVI,12,,,,,,,,06:44,06:49,06:52,06:55,06:57,07:00,07:04,07:07,07:10,07:13,07:17,07:20,07:23,07:27,07:29,07:32,07:35,07:38,07:40,07:42,07:45,07:48
90140,BVI,12,,,,,,,,06:47,06:52,06:55,06:58,07:00,07:03,07:07,07:10,07:13,07:16,07:20,07:23,07:26,07:30,07:32,07:35,07:38,07:41,07:43,07:45,07:48,07:51
90142,BVI,12,,,,,,,,06:50,06:55,06:58,07:01,07:03,07:06,07:10,07:13,07:17,07:20,07:24,07:27,07:30,07:33,07:35,07:38,07:41,07:44,07:46,07:48,07:51,07:54
90144,VR,12,06:17,06:23,06:29,06:34,06:40,06:45,06:49,06:54,,,,,,07:08,,,,07:17,,,07:24,,,,,,,,
90146,ADH,12,,,,,,,,,,,,,,07:15,07:19,07:22,07:25,07:29,07:32,07:35,07:39,07:41,07:44,07:47,07:50,07:52,07:54,07:57,08:00
90148,BVI,12,,,,,,,,06:57,07:02,07:05,07:09,,07:14,07:19,,,,07:28,,,07:34,,,,07:41,07:43,07:45,07:48,07:51
90150,VR,12,06:21,06:27,06:32,06:36,06:42,06:47,06:51,06:57,,,,,,,,,,,,,,,,,,,,,
90152,GMN,12,,,,,,,,,,,07:05,07:08,07:11,07:15,07:19,07:22,07:27,07:32,07:35,07:38,07:43,07:45,07:48,07:51,07:54,07:56,07:58,08:01,08:04
90154,BVI,12,,,,,,,,07:00,07:05,07:08,07:11,07:13,07:16,07:21,07:25,07:28,07:31,07:36,07:39,07:42,07:46,07:48,07:51,07:54,07:57,07:59,08:01,08:04,08:08
90156,NSP,12,,06:33,06:39,06:43,06:49,06:54,06:58,07:03,07:08,07:11,07:14,07:16,07:19,07:24,07:28,07:31,07:34,07:39,,,,,,,,,,,
90158,BVI,12,,,,,,,,07:06,07:12,07:15,07:18,07:20,07:23,07:28,07:31,07:34,07:37,07:42,07:45,07:48,07:52,07:54,07:57,08:00,08:03,08:05,08:07,08:10,08:14
92010,VR,15,06:32,06:38,06:43,06:48,06:54,07:00,07:04,07:08,,,,,,07:24,,,,07:33,,,07:40,,,,07:47,,,,07:55
90162,BVI,12,,,,,,,,07:09,07:14,07:17,07:22,07:24,07:27,07:32,07:35,07:38,07:41,07:45,07:48,07:51,07:55,07:57,08:00,08:03,08:06,08:08,08:10,08:13,08:17
90164,BSR,12,,,06:46,06:53,06:59,07:04,07:08,07:12,,,,,,07:27,,,,07:36,,,07:43,,,,,,,,
90166,BVI,12,,,,,,,,07:13,07:19,07:22,07:25,07:27,07:30,07:35,07:38,07:41,07:44,07:48,07:51,07:54,07:58,08:00,08:03,08:06,08:09,08:11,08:13,08:16,08:20
90168,VR,12,06:40,06:46,06:51,06:56,07:02,07:07,07:11,07:15,,,,,,07:30,,,,07:40,,,07:46,,,,07:53,07:55,07:57,08:00,08:04
90172,VR,12,06:44,06:50,06:55,07:00,07:06,07:11,07:15,07:19,07:23,07:26,07:29,07:31,07:34,07:39,07:42,07:45,07:48,07:52,07:55,07:58,08:02,08:04,08:07,08:10,08:13,08:15,08:17,08:20,08:24
90174,BVI,12,,,,,,,,07:22,07:27,07:30,07:33,07:35,07:38,07:42,07:45,07:48,07:51,07:56,07:59,08:02,08:06,08:08,08:11,08:14,08:17,08:19,08:22,08:25,08:29
90176,BVI,12,,,,,,,,07:25,07:31,07:34,07:37,,07:42,07:47,,,,07:57,,,08:03,,,,08:10,08:12,08:14,08:17,08:23
93002,DRD,12,06:51,,07:01,,07:09,,,07:19,,,,,,07:34,,,,,,,,,,,,,,,
90178,VR,12,06:50,06:56,07:01,07:05,07:11,07:16,07:20,07:24,,,,,,07:37,,,,07:46,,,07:51,,,,07:58,08:00,08:02,08:05,08:08
90180,ADH,12,,,,,,,,,,,,,,07:45,07:49,07:52,07:55,07:59,08:02,08:05,08:09,08:11,08:14,08:17,08:20,08:22,08:25,08:28,08:32
90182,BVI,12,,,,,,,,07:30,07:35,07:38,07:41,07:43,07:46,07:50,07:54,07:57,08:00,08:04,08:07,08:10,08:14,08:16,08:19,08:22,08:25,08:27,08:29,08:32,08:36
90184,VR,12,06:57,07:03,07:08,07:13,07:19,07:24,07:28,07:33,,,,,,07:49,,,,07:59,,,08:06,,,,,,,,
90188,BVI,12,,,,,,,,07:33,07:38,07:41,07:44,07:46,07:49,07:53,07:56,07:59,08:03,08:07,08:10,08:13,08:17,08:19,08:22,08:25,08:28,08:30,08:32,08:35,08:39
90190,ADH,12,,,,,,,,,,,,,,07:55,07:59,08:02,08:05,08:10,08:13,08:16,08:20,08:22,08:25,08:28,08:31,08:33,08:35,08:38,08:42
90192,BVI,12,,,,,,,,07:36,07:41,07:44,07:48,,07:53,07:58,,,,08:07,,,08:13,,,,08:20,08:23,08:26,08:30,08:35
90196,VR,12,07:01,07:07,07:12,07:17,07:23,07:28,07:32,07:37,,,,,,,,,,,,,,,,,,,,,
90198,BVI #,12,,,,,,,,07:40,07:45,07:48,07:51,07:53,07:56,08:01,08:04,08:07,08:11,08:16,08:19,08:22,08:26,08:28,08:31,08:34,08:37,08:39,08:41,08:44,08:47
90202,BSR,12,,,07:16,07:23,07:29,07:34,07:38,07:42,,,,,,07:55,,,,08:04,,,08:10,,,,08:17,08:19,08:22,08:25,08:30
90204,BVI,12,,,,,,,,07:44,07:49,07:52,07:55,07:57,08:00,08:05,08:08,08:11,08:15,08:19,08:22,08:25,08:29,08:31,08:34,08:37,08:40,08:42,08:44,08:47,08:50
90206,ADH,12,,,,,,,,,,,,,,08:07,08:11,08:14,08:18,08:22,08:25,08:28,08:32,08:34,08:37,08:40,08:43,08:45,08:47,08:50,08:53
90208,GMN,12,,,,,,,,,,,07:58,08:01,08:03,08:08,08:12,08:15,08:20,08:25,08:28,08:31,08:35,08:37,08:40,08:43,08:46,08:48,08:50,08:53,08:56
90210,VR,12,07:09,07:16,07:21,07:27,07:32,07:37,07:41,07:46,,,,,,08:01,,,,08:10,,,08:16,,,,08:25,08:27,08:30,08:33,08:38
90212,BVI,12,,,,,,,,07:47,07:52,07:55,07:58,,08:03,08:08,,,,08:18,,,08:24,,,,08:31,08:33,08:35,08:38,08:41
90214,VR,12,07:14,07:20,07:25,07:30,07:36,07:41,07:45,07:50,07:55,07:58,08:01,08:03,08:06,08:12,,,,,,,,,,,,,,,
94002,BVI,12,,,,,,,,07:54,,,,,,08:14,,,,08:24,,,08:30,,,,08:37,08:39,08:41,08:44,08:49
90218,VR,12,07:18,07:24,07:29,07:34,07:40,07:45,07:49,07:54,,,,,,,,,,,,,,,,,,,,,
90220,VR,12,07:17,07:23,07:28,,07:36,,,07:49,,,,,,08:04,,,,08:13,,,08:20,,,,,,,,
90222,BYR,12,,,,,07:43,07:48,07:52,07:57,,,,,,08:11,,,,08:21,,,08:27,,,,08:34,08:36,08:38,08:41,08:44
90224,BA,12,,,,,,,,,,,,,,,,,,08:27,08:31,08:34,08:38,08:40,08:43,08:46,08:49,08:51,08:53,08:56,08:59
90226,GMN,12,,,,,,,,,,,08:08,08:11,08:14,08:18,08:21,08:24,08:27,08:32,08:35,08:38,08:42,08:44,08:47,08:50,08:53,08:55,08:57,09:00,09:03
90228,VR,12,07:25,07:31,07:36,07:41,07:47,07:52,07:56,08:01,08:05,08:08,08:11,08:13,08:16,08:20,08:23,08:26,08:29,08:34,,,,,,,,,,,
90230,MDD,12,,,,,,,,,,08:06,,,08:14,08:18,,,,08:28,,,08:34,,,,08:41,08:43,08:45,08:48,08:53
90232,BVI,12,,,,,,,,08:03,08:08,08:11,08:14,08:16,08:19,08:23,08:26,08:29,08:32,08:37,08:40,08:43,08:47,08:49,08:52,08:55,08:58,09:00,09:02,09:05,09:08
90234,VR,12,07:30,07:37,07:42,07:47,07:53,07:58,08:03,08:08,,,,,,08:24,,,,08:34,,,08:40,,,,08:47,08:49,08:51,08:54,08:57
92012,BSR,15,,,07:40,07:46,07:52,07:57,08:01,08:05,,,,,,08:21,,,,,,,,,,,,,,,
90238,GMN,12,,,,,,,,,,,08:26,,08:31,08:37,,,,08:46,,,08:52,,,,08:59,09:01,09:03,09:06,09:10
90240,BVI,12,,,,,,,,08:06,08:11,08:14,08:17,08:20,08:22,08:27,08:30,08:33,08:36,08:40,08:43,08:46,08:50,08:52,08:55,08:58,09:01,09:03,09:05,09:08,09:11
90242,VR # ,12,07:35,07:41,07:46,07:51,07:57,08:02,08:06,08:11,08:15,08:18,08:21,08:23,08:26,08:31,08:34,08:37,08:40,08:44,08:47,08:50,08:54,08:56,08:59,09:02,09:05,09:07,09:09,09:12,09:15
90244,ADH,12,,,,,,,,,,,,,,08:34,08:37,08:40,08:43,08:47,08:50,08:53,08:57,08:59,09:02,09:05,09:08,09:10,09:12,09:15,09:18
90246,GMN,12,,,,,,,,,,,08:27,08:30,08:32,08:36,08:40,08:43,08:46,08:50,08:53,08:56,09:00,09:02,09:05,09:08,09:11,09:13,09:15,09:18,09:22
90248,VR,12,07:40,07:46,07:51,07:56,08:02,08:07,08:11,08:14,,,,,,08:31,,,,08:40,,,08:46,,,,08:53,08:55,08:57,09:00,09:03
90250,BVI,12,,,,,,,,08:16,08:21,08:24,08:27,08:30,08:32,08:37,08:41,08:45,08:48,08:53,08:56,08:59,09:03,09:05,09:08,09:11,09:14,09:16,09:18,09:21,09:25
90252,BYR,12,,,,,08:01,08:07,08:11,08:17,,,,,,08:34,,,,08:43,,,08:49,,,,08:56,08:58,09:00,09:03,09:07
90254,BVI,12,,,,,,,,08:19,08:24,08:27,08:30,08:32,08:35,08:40,08:44,08:48,08:51,08:56,08:59,09:02,09:06,09:08,09:11,09:14,09:17,09:19,09:21,09:24,09:28
90256,VR,12,07:44,07:50,07:55,08:01,08:06,08:11,08:15,08:21,,,,,,,,,,,,,,,,,,,,,
90258,VR,12,07:51,07:57,08:02,,08:10,,,08:21,,,,,,08:38,,,,,,,,,,,,,,,
90260,VR,12,07:48,07:54,07:59,08:04,08:10,08:15,08:19,08:23,08:27,08:30,08:33,08:35,08:38,08:43,08:47,08:50,08:53,08:59,,,,,,,,,,,
90262,BVI,12,,,,,,,,08:26,08:31,08:34,08:38,,08:42,08:47,,,,08:57,,,09:03,,,,09:10,09:12,09:14,09:17,09:20
90264,MDD,12,,,,,,,,,,08:29,,,08:36,,,,,08:49,,,08:55,,,,09:02,09:04,09:06,09:09,09:13
90266,GMN,12,,,,,,,,,,,08:36,08:39,08:42,08:46,08:50,08:53,08:56,09:01,09:04,09:07,09:10,09:12,09:15,09:18,09:21,09:23,09:25,09:28,09:31
90268,ADH,12,,,,,,,,,,,,,,08:49,08:54,08:57,09:00,09:04,09:07,09:10,09:14,09:16,09:19,09:22,09:25,09:27,09:29,09:32,09:37
90270,VR,12,07:52,07:58,08:03,08:08,08:14,08:19,08:23,08:27,,,,,,,,,,,,,,,,,,,,,
90272,BVI,12,,,,,,,,08:30,08:35,08:38,08:41,08:43,08:46,08:52,08:57,09:00,09:03,09:08,09:11,09:14,09:18,09:20,09:23,09:26,09:29,09:31,09:33,09:36,09:41
90274,VR,12,07:57,08:03,08:09,08:14,08:20,08:26,08:30,08:35,,,,,,08:50,,,,09:00,,,09:06,,,,09:13,09:15,09:17,09:20,09:23
90276,BVI,12,,,,,,,,08:34,08:39,08:42,08:45,,08:50,08:55,,,,09:06,,,09:12,,,,09:19,09:21,09:23,09:26,09:30
90278,ADH,12,,,,,,,,,,,,,,08:58,09:02,09:05,09:08,09:12,09:15,09:18,09:22,09:24,09:27,09:30,09:33,09:35,09:37,09:40,09:44
90280,BYR,12,,,,,08:25,08:30,08:34,08:39,,,,,,08:53,,,,09:03,,,09:09,,,,09:16,09:18,09:20,09:23,09:27
90282,BVI,12,,,,,,,,08:40,08:45,08:48,08:51,08:53,08:56,09:01,09:05,09:08,09:11,09:15,09:18,09:21,09:25,09:27,09:30,09:33,09:36,09:38,09:40,09:43,09:47
90284,VR,12,08:06,08:12,08:18,08:23,08:29,08:34,08:39,08:45,08:51,08:54,08:57,08:59,09:02,09:07,09:11,09:14,09:17,09:21,09:24,09:27,09:31,09:33,09:36,09:39,09:42,09:44,09:46,09:49,09:53
92014,VR,15,08:09,08:15,08:20,08:24,08:30,08:35,08:39,08:43,,,,,,08:59,,,,09:09,,,09:15,,,,09:22,,,,09:33
90286,BSR,12,,,08:22,08:27,08:33,08:38,08:42,08:47,,,,,,09:02,,,,09:12,,,09:18,,,,09:25,09:27,09:29,09:32,09:35
90288,BVI,12,,,,,,,,08:43,08:48,08:51,08:54,,08:59,09:04,,,,09:15,,,09:21,,,,09:28,09:30,09:32,09:35,09:39
90290,BA,12,,,,,,,,,,,,,,,,,,09:17,09:21,09:24,09:28,09:30,09:33,09:36,09:39,09:41,09:43,09:46,09:50
90292,GMN,12,,,,,,,,,,,08:55,08:58,09:01,09:06,09:11,09:14,09:19,09:24,09:27,09:30,09:34,09:36,09:39,09:42,09:45,09:47,09:49,09:52,09:56
90296,BVI,12,,,,,,,,08:49,08:54,08:57,09:00,09:02,09:05,09:10,09:14,09:18,09:21,09:27,09:30,09:33,09:37,09:39,09:42,09:45,09:48,09:50,09:52,09:55,09:59
90298,GMN,12,,,,,,,,,,,09:00,,09:05,,,,,09:18,,,09:24,,,,09:31,09:33,09:35,09:38,09:42
90300,VR,12,08:17,08:23,08:28,08:32,08:38,08:43,08:47,08:52,08:57,09:00,09:03,09:05,09:08,09:13,,,,,,,,,,,,,,,
93004,DRD,12,08:25,,,,,,,,,,,,,,,,,,,,,,,,,,,,
90304,BVI,12,,,,,,,,08:55,09:00,09:03,09:06,09:08,09:11,09:16,09:21,09:25,09:28,09:32,09:35,09:38,09:42,09:44,09:47,09:50,09:53,09:55,09:57,10:00,10:03
90306,BVI,12,,,,,,,,08:58,09:03,09:06,09:09,09:11,09:14,09:19,09:24,09:28,09:31,09:35,09:38,09:41,09:45,09:47,09:50,09:53,09:56,09:58,10:00,10:03,10:06
90308,VR,12,08:22,08:28,08:33,08:37,08:43,08:48,08:52,08:56,,,,,,09:11,,,,09:21,,,09:27,,,,09:34,09:36,09:38,09:41,09:46
90310,BVI,12,,,,,,,,09:01,09:06,09:09,09:12,09:14,09:17,09:22,09:27,09:31,09:34,09:38,09:41,09:44,09:48,09:50,09:53,09:56,09:59,10:01,10:03,10:06,10:09
90312,BYR,12,,,,,08:50,08:55,08:59,09:04,09:09,09:12,09:15,09:17,09:20,09:25,,,,,,,,,,,,,,,
90314,VR,12,08:29,08:35,08:40,08:44,08:50,08:56,09:00,09:05,,,,,,09:21,,,,09:31,,,09:36,,,,09:43,09:45,09:47,09:50,09:53
90316,BVI,12,,,,,,,,09:06,09:12,09:15,09:18,09:20,09:23,09:28,09:31,09:34,09:37,09:41,09:44,09:47,09:51,09:53,09:56,09:59,10:02,10:04,10:06,10:09,10:13
90318,GMN,12,,,,,,,,,,,09:18,09:21,09:24,09:28,09:32,09:35,09:38,09:44,09:47,09:50,09:54,09:56,09:59,10:02,10:05,10:07,10:09,10:12,10:16
92016,VR,15,08:35,08:41,08:46,08:50,08:55,09:00,09:04,09:09,,,,,,09:25,,,,09:35,,,09:41,,,,,,,,
93006,DRD,12,08:40,,08:49,,08:59,,,09:12,,,,,,09:28,,,,09:38,,,09:43,,,,09:50,09:52,09:54,09:57,10:00
90322,BSR,12,,,08:46,08:53,08:59,09:04,09:08,09:14,,,,,,09:31,,,,09:42,,,09:47,,,,09:54,09:56,09:58,10:01,10:04
90324,VR,12,08:40,08:47,08:52,08:57,09:03,09:08,09:12,09:17,,,,,,09:34,,,,09:45,,,09:50,,,,09:57,09:59,10:01,10:04,10:07
90326,BA,12,,,,,,,,,,,,,,,,,,09:47,09:50,09:53,09:57,09:59,10:02,10:05,10:08,10:10,10:12,10:15,10:19
90328,BVI,12,,,,,,,,09:15,09:21,09:24,09:27,09:29,09:32,09:36,09:40,09:43,09:46,09:50,09:53,09:56,10:00,10:02,10:05,10:08,10:11,10:13,10:15,10:18,10:22
90330,ADH,12,,,,,,,,,,,,,,09:38,09:43,09:46,09:49,09:54,09:57,10:00,10:04,10:06,10:09,10:12,10:15,10:17,10:19,10:22,10:27
90332A,BYR #,12,,,,,09:06,09:11,09:15,09:21,09:26,09:29,09:32,09:34,09:37,09:42,09:47,09:50,09:53,09:58,10:01,10:04,10:08,10:10,10:13,10:16,10:19,10:21,10:23,10:26,10:30
90334,GMN,12,,,,,,,,,,,09:34,09:37,09:40,09:45,09:50,09:53,09:56,10:01,10:04,10:07,10:11,10:13,10:16,10:19,10:22,10:24,10:26,10:29,10:33
90336,VR,12,08:45,08:52,08:57,09:03,09:10,09:15,09:19,09:25,,,,,,,,,,,,,,,,,,,,,
90338,BVI,12,,,,,,,,09:24,09:29,09:32,09:36,,09:40,09:45,,,,09:55,,,10:01,,,,10:08,10:10,10:12,10:15,10:21
90340,BVI,12,,,,,,,,09:27,09:32,09:35,09:39,09:41,09:44,09:48,09:53,09:56,09:59,10:04,10:07,10:10,10:14,10:16,10:19,10:22,10:25,10:27,10:29,10:32,10:36
90342,VR,12,08:52,08:58,09:05,09:09,09:15,09:20,09:24,09:28,,,,,,09:42,,,,09:51,,,09:57,,,,10:04,10:06,10:08,10:11,10:14
90332,VR #,12,08:56,09:02,09:11,09:17,09:23,09:28,09:32,09:39,09:47,09:50,09:53,09:55,09:58,10:03,10:07,10:10,10:13,10:17,10:20,10:23,10:27,10:29,10:32,10:35,10:38,10:40,10:42,10:45,10:49
90344,GMN,12,,,,,,,,,,,09:37,,09:41,,,,,09:58,,,10:04,,,,10:11,10:13,10:15,10:18,10:23
90346,ADH,12,,,,,,,,,,,,,,09:50,09:56,09:59,10:02,10:07,10:10,10:13,10:17,10:19,10:22,10:25,10:28,10:30,10:32,10:35,10:39
90348,BSR,12,,,09:08,09:13,09:19,09:24,09:28,09:32,09:36,09:40,09:43,09:45,09:48,09:54,,,,,,,,,,,,,,,
90350,BVI,12,,,,,,,,09:35,09:40,09:43,09:47,09:49,09:52,09:56,10:00,10:03,10:06,10:10,10:13,10:16,10:20,10:22,10:25,10:28,10:31,10:33,10:35,10:38,10:42
90352,VR,12,09:00,09:06,09:11,09:17,09:23,09:28,09:32,09:36,,,,,,09:51,,,,10:01,,,10:09,,,,,,,,
90356,BVI,12,,,,,,,,09:38,09:44,09:47,09:50,09:52,09:55,09:59,10:04,10:07,10:10,10:14,10:17,10:20,10:24,10:26,10:29,10:32,10:35,10:37,10:39,10:42,10:45
90360,VR,12,09:05,09:12,09:17,09:21,09:27,09:32,09:36,09:41,,,,,,09:56,,,,10:05,,,10:11,,,,10:18,10:20,10:22,10:25,10:28
90362,VR,12,09:05,09:12,09:17,09:21,09:27,09:32,09:36,09:42,,,,,,,,,,,,,,,,,,,,,
90364,VR,12,09:09,09:16,09:21,09:25,09:31,09:36,09:40,09:45,,,,,,10:00,,,,10:09,,,10:15,,,,10:22,10:24,10:26,10:29,10:32
90366,GMN,12,,,,,,,,,,,09:57,,10:02,,,,,10:16,,,10:22,,,,10:29,10:31,10:33,10:36,10:39
90368,GMN,12,,,,,,,,,,,09:57,10:00,10:03,10:07,10:12,10:15,10:18,10:22,10:25,10:28,10:32,10:34,10:37,10:40,10:43,10:45,10:47,10:50,10:53
90370,BVI,12,,,,,,,,09:48,09:53,09:56,09:59,,10:04,10:09,,,,10:19,,,10:25,,,,10:32,10:34,10:36,10:39,10:42
90372,BYR,12,,,,,09:35,09:41,09:45,09:50,,,,,,10:04,,,,10:13,,,10:21,,,,,,,,
90374,BVI,12,,,,,,,,09:50,09:56,09:59,10:02,10:04,10:07,10:12,10:15,10:18,10:21,10:25,10:28,10:31,10:35,10:37,10:40,10:43,10:46,10:48,10:50,10:53,10:56
90376,ADh,12,,,,,,,,,,,,,,10:14,10:18,10:21,10:24,10:28,10:31,10:34,10:38,10:40,10:43,10:46,10:49,10:51,10:53,10:56,10:59
90378,VR,12,09:15,09:22,09:27,09:33,09:39,09:45,09:50,09:55,,,,,,10:12,,,,10:22,,,10:28,,,,10:35,10:37,10:39,10:42,10:46
90380,VR,12,09:19,09:25,09:30,09:34,09:40,09:45,09:49,09:55,,,,,,,,,,,,,,,,,,,,,
90382,BVI,12,,,,,,,,09:55,10:01,10:04,10:07,10:09,10:12,10:17,10:21,10:24,10:27,10:31,10:34,10:37,10:41,10:43,10:46,10:49,10:52,10:54,10:56,10:59,11:02
90384,VR,12,09:23,09:29,09:35,09:39,09:45,09:50,09:55,10:00,,,,,,10:15,,,,10:25,,,10:31,,,,10:38,10:40,10:42,10:45,10:50
90386,BVI,12,,,,,,,,10:00,10:05,10:08,10:11,10:13,10:16,10:21,10:24,10:27,10:30,10:34,10:38,10:41,10:45,10:47,10:50,10:53,10:56,10:58,11:00,11:03,11:06
90388,GMN,12,,,,,,,,,,,10:13,10:16,10:19,10:23,10:27,10:30,10:33,10:37,10:41,10:44,10:48,10:50,10:53,10:56,10:59,11:01,11:03,11:06,11:09
90392,VR,12,09:24,09:31,09:36,09:40,09:46,09:51,09:56,10:01,,,,,,,,,,,,,,,,,,,,,
90394,BVI,12,,,,,,,,10:05,10:10,10:13,10:16,10:18,10:21,10:26,10:29,10:32,10:35,10:40,10:44,10:47,10:51,10:53,10:56,10:59,11:02,11:04,11:06,11:09,11:12
90396,BYR,12,,,,,09:49,09:55,09:59,10:04,,,,,,10:18,,,,10:28,,,10:34,,,,10:41,10:43,10:45,10:48,10:53
90398,VR,12,09:34,09:40,09:45,09:50,09:56,10:01,10:06,10:11,,,,,,10:25,,,,10:35,,,10:40,,,,10:47,10:49,10:51,10:54,10:59
90400,GMN,12,,,,,,,,,,,10:18,10:21,10:24,10:27,10:33,10:36,10:39,10:44,10:47,10:50,10:54,10:56,10:59,11:02,11:05,11:07,11:09,11:12,11:15
90402,BVI,12,,,,,,,,10:08,10:13,10:16,10:19,,10:24,10:28,,,,10:38,,,10:44,,,,10:51,10:53,10:55,10:58,11:03
92018,VR,15,09:37,09:43,09:49,09:54,10:00,10:05,10:09,10:14,,,,,,10:29,,,,,,,,,,,,,,,
90406,VR,12,09:41,09:47,09:52,09:57,10:03,10:07,10:11,10:16,,,,,,,,,,,,,,,,,,,,,
90408,ADH,12,,,,,,,,,,,,,,10:32,10:36,10:39,10:42,10:47,10:50,10:53,10:57,10:59,11:02,11:05,11:08,11:10,11:12,11:15,11:18
90410,BVI,12,,,,,,,,10:12,10:18,10:21,10:24,10:26,10:29,10:35,10:39,10:42,10:45,10:50,10:53,10:56,11:00,11:02,11:05,11:08,11:11,11:13,11:15,11:18,11:21
92020,VR,15,09:43,09:49,09:54,09:59,10:05,10:10,10:14,10:18,,,,,,10:33,,,,10:42,,,10:49,,,,,,,,
90414,BVI,12,,,,,,,,10:16,10:21,10:24,10:27,,10:32,10:38,,,,10:48,,,10:53,,,,11:00,11:02,11:04,11:07,11:10
90416,GMN,12,,,,,,,,,,,10:29,10:32,10:35,10:39,10:43,10:46,10:49,10:53,10:56,10:59,11:03,11:05,11:08,11:11,11:14,11:16,11:18,11:21,11:24
90418,BVI,12,,,,,,,,10:20,10:25,10:28,10:31,,10:36,10:41,,,,10:51,,,10:56,,,,11:03,11:05,11:07,11:10,11:13
90420,VR #,12,09:47,09:53,09:58,10:03,10:08,10:13,10:17,10:22,,,,,,10:36,,,,10:45,,,10:50,,,,10:57,10:59,11:01,11:04,11:07
90420A,BSR #,12,,,10:04,10:10,10:16,10:21,10:25,10:29,10:33,10:36,10:39,10:41,10:44,10:48,10:51,10:54,10:57,11:00,11:03,11:06,11:09,11:11,11:14,11:17,11:20,11:22,11:24,11:27,11:30
93008,DRD,12,09:52,,10:01,,10:10,,,10:22,,,,,,,,,,,,,,,,,,,,,
90422,VR,12,09:51,09:57,10:02,10:07,10:13,10:18,10:22,10:26,,,,,,10:42,,,,,,,,,,,,,,,
90424,BVI,12,,,,,,,,10:22,10:28,10:31,10:35,10:37,10:40,10:44,10:47,10:50,10:53,10:57,11:00,11:03,11:06,11:08,11:11,11:14,11:17,11:19,11:21,11:24,11:27
90428,ADH,12,,,,,,,,,,,,,,10:47,10:51,10:54,10:57,11:02,11:06,11:09,11:12,11:14,11:17,11:20,11:23,11:25,11:27,11:30,11:35
90430,VR,12,09:55,10:01,10:06,10:11,10:17,10:22,10:26,10:30,,,,,,10:44,,,,10:54,,,10:59,,,,11:06,11:08,11:10,11:13,11:16
90432,BYR,12,,,,,10:18,10:24,10:28,10:33,,,,,,10:47,,,,10:57,,,11:02,,,,11:09,11:11,11:13,11:16,11:21
92022,BVI,15,,,,,,,,10:36,,,,,,10:50,,,,11:00,,,11:06,,,,11:13,,,,11:24
90436,VR,12,09:59,10:06,10:11,10:16,10:22,10:27,10:31,10:39,,,,,,10:53,,,,11:03,,,11:09,,,,11:16,11:18,11:20,11:23,11:27
90438,BVI,12,,,,,,,,10:31,10:35,10:38,10:42,10:44,10:47,10:51,10:55,10:58,11:01,11:05,11:08,11:11,11:15,11:17,11:20,11:23,11:26,11:28,11:30,11:33,11:38
90440,ADH,12,,,,,,,,,,,,,,10:55,11:00,11:03,11:06,11:10,11:13,11:16,11:20,11:22,11:25,11:28,11:31,11:33,11:35,11:38,11:41
90442,BVI,12,,,,,,,,10:35,10:39,10:42,10:46,,10:51,10:56,,,,11:06,,,11:12,,,,11:19,11:21,11:23,11:26,11:30
90444,VR,12,10:03,10:09,10:14,10:18,10:24,10:29,10:33,10:38,10:42,10:45,10:49,10:51,10:54,11:00,,,,,,,,,,,,,,,
90446,BVI,12,,,,,,,,10:40,10:45,10:48,10:52,10:54,10:57,11:02,11:05,11:08,11:11,11:15,11:18,11:21,11:25,11:27,11:30,11:33,11:36,11:38,11:40,11:43,11:46
90448,VR,12,10:08,10:14,10:19,10:23,10:29,10:34,10:38,10:45,,,,,,,,,,,,,,,,,,,,,
90450,GMN,12,,,,,,,,,,,10:55,10:57,11:00,11:05,11:08,11:11,11:14,11:18,11:21,11:24,11:28,11:30,11:33,11:36,11:39,11:41,11:43,11:46,11:49
90452,BVI,12,,,,,,,,10:47,10:51,10:54,10:58,11:00,11:03,11:08,11:11,11:14,11:17,11:21,11:24,11:27,11:31,11:33,11:36,11:39,11:42,11:44,11:46,11:49,11:52
90454,BVI,12,,,,,,,,10:49,10:55,10:58,11:02,11:04,11:07,11:11,11:14,11:17,11:20,11:24,11:27,11:30,11:34,11:36,11:39,11:42,11:45,11:47,11:49,11:52,11:55
90456,VR,12,10:13,10:19,10:24,10:29,10:35,10:40,10:44,10:49,,,,,,11:03,,,,11:12,,,11:17,,,,11:24,11:26,11:28,11:31,11:34
90460,BVI,12,,,,,,,,10:53,10:58,11:01,11:05,,11:10,11:15,,,,11:25,,,11:31,,,,11:40,11:42,11:44,11:47,11:50
90462,BVI,12,,,,,,,,10:57,11:02,11:05,11:09,11:11,11:14,11:18,11:21,11:24,11:27,11:31,11:34,11:37,11:41,11:43,11:46,11:49,11:52,11:54,11:56,11:59,12:02
94004,VR,12,10:20,10:26,10:31,10:36,10:42,10:47,10:51,10:55,,,,,,11:09,,,,11:18,,,11:24,,,,11:33,11:35,11:37,11:40,11:44
90464,ADH,12,,,,,,,,,,,,,,11:21,11:25,11:28,11:31,11:34,11:37,11:40,11:44,11:46,11:49,11:52,11:55,11:57,11:59,12:02,12:05
90466,BVI,12,,,,,,,,11:02,11:07,11:10,11:13,11:15,11:18,11:24,11:28,11:31,11:34,11:37,11:40,11:43,11:47,11:49,11:52,11:55,11:58,12:00,12:02,12:05,12:08
90468,VR,12,10:25,10:31,10:36,10:40,10:46,10:51,10:55,11:01,,,,,,11:18,,,,11:28,,,11:34,,,,11:43,11:45,11:47,11:50,11:55
90470,GMN,12,,,,,,,,,,,11:16,11:19,11:21,11:26,11:30,11:33,11:36,11:41,11:44,11:47,11:51,11:53,11:56,11:59,12:02,12:04,12:06,12:09,12:12
90472,BVI,12,,,,,,,,11:05,11:10,11:13,11:18,,11:23,11:27,,,,11:37,,,11:43,,,,11:50,11:52,11:54,11:57,12:01
90474,VR,12,10:35,10:41,10:46,10:50,10:56,11:01,11:05,11:09,11:14,11:17,11:20,11:22,11:25,11:30,11:33,11:36,11:39,11:45,,,,,,,,,,,
90476,BVI,12,,,,,,,,11:13,11:18,11:21,11:24,11:26,11:29,11:34,11:37,11:40,11:43,11:48,11:51,11:54,11:58,12:00,12:03,12:06,12:09,12:11,12:13,12:16,12:19
90478,VR,12,10:39,10:45,10:50,10:54,11:00,11:05,11:09,11:15,,,,,,11:31,,,,11:41,,,11:47,,,,11:54,11:56,11:58,12:01,12:06
90480,BYR,12,,,,,11:04,11:10,11:14,11:19,,,,,,11:35,,,,11:44,,,11:50,,,,11:57,11:59,12:01,12:04,12:09
90482,ADH,12,,,,,,,,,,,,,,11:37,11:42,11:45,11:48,11:52,11:55,11:58,12:02,12:04,12:07,12:10,12:13,12:15,12:17,12:20,12:23
90484,BVI,12,,,,,,,,11:20,11:25,11:28,11:31,11:33,11:36,11:41,11:45,11:48,11:51,11:55,11:58,12:01,12:05,12:07,12:10,12:13,12:16,12:18,12:20,12:23,12:26
90486,BVI,12,,,,,,,,11:22,,,,,,11:38,,,,11:47,,,11:53,,,,12:00,12:02,12:04,12:07,12:12
90488,BVI,12,,,,,,,,11:23,11:28,11:31,11:34,11:36,11:39,11:45,11:49,11:52,11:55,12:00,12:03,12:06,12:10,12:12,12:15,12:18,12:21,12:23,12:25,12:28,12:32
90490,BSR,12,,,10:58,11:03,11:09,11:14,11:19,11:25,11:31,11:34,11:37,11:39,11:42,11:49,,,,,,,,,,,,,,,
93010,DRD,12,10:50,,,,,,,,,,,,,,,,,,,,,,,,,,,,
90492,VR,12,10:52,10:58,11:04,11:08,11:14,11:20,11:24,11:30,,,,,,11:45,,,,11:54,,,12:00,,,,12:07,12:09,12:11,12:14,12:17
90494,BVI,12,,,,,,,,11:32,11:37,11:40,11:43,11:45,11:48,11:53,11:56,11:59,12:02,12:06,12:09,12:12,12:16,12:18,12:21,12:24,12:27,12:29,12:31,12:34,12:38
90496,VR,12,10:56,11:02,11:07,11:11,11:17,11:23,11:27,11:34,,,,,,,,,,,,,,,,,,,,,
90498,VR,12,10:58,11:04,11:09,11:15,11:21,11:26,11:31,11:36,,,,,,11:51,,,,12:00,,,12:06,,,,12:13,12:15,12:17,12:20,12:23
90502,BVI,12,,,,,,,,11:40,11:45,11:48,11:51,11:53,11:56,12:01,12:04,12:07,12:10,12:14,12:17,12:20,12:24,12:26,12:29,12:32,12:35,12:37,12:39,12:42,12:45
90504,BVI,12,,,,,,,,11:40,,,,,,11:55,,,,12:04,,,12:10,,,,12:17,12:19,12:21,12:24,12:27
90506,VR,12,11:06,11:13,11:18,11:23,11:29,11:34,11:38,11:44,,,,,,11:59,,,,12:08,,,12:14,,,,12:21,12:23,12:25,12:28,12:32
92024,VR,15,11:10,11:17,11:22,11:26,11:32,11:37,11:41,11:47,,,,,,12:03,,,,12:12,,,12:19,,,,12:27,,,,12:37
90510,BVI,12,,,,,,,,11:47,11:52,11:55,11:58,12:00,12:03,12:08,12:12,12:15,12:18,12:22,12:25,12:28,12:32,12:34,12:37,12:40,12:43,12:45,12:47,12:50,12:55
90512,VR,12,11:15,11:21,11:26,11:30,11:36,11:41,11:45,11:50,11:55,11:58,12:01,12:03,12:06,12:12,,,,,,,,,,,,,,,
93012,DRD,12,11:20,,,,,,,,,,,,,,,,,,,,,,,,,,,,
90514,GMN,12,,,,,,,,,,,12:02,12:05,12:08,12:12,12:16,12:19,12:22,12:27,12:30,12:33,12:37,12:39,12:42,12:45,12:48,12:50,12:52,12:55,12:58
90516,BVI,12,,,,,,,,11:52,11:59,12:02,12:05,12:07,12:10,12:15,12:19,12:22,12:25,12:30,12:33,12:36,12:40,12:42,12:45,12:48,12:51,12:53,12:55,12:58,13:02
90518,VR,12,11:22,11:28,11:33,11:38,11:44,11:49,11:53,11:57,12:02,12:05,12:08,,12:13,12:18,,,,12:28,,,12:34,,,,12:41,12:43,12:45,12:48,12:51
90520,BVI,12,,,,,,,,11:59,12:06,12:09,12:12,12:14,12:17,12:22,12:25,12:28,12:31,12:35,12:38,12:41,12:45,12:47,12:50,12:53,12:56,12:58,13:00,13:03,13:07
90522,VR,12,11:29,11:35,11:40,11:44,11:50,11:55,11:59,12:03,12:10,12:13,12:16,12:18,12:21,12:27,,,,,,,,,,,,,,,
90524,BYR,12,,,,,11:52,11:59,12:03,12:08,,,,,,12:24,,,,12:34,,,12:39,,,,12:46,12:48,12:50,12:53,12:56
90526,BVI,12,,,,,,,,12:08,12:13,12:16,12:19,12:21,12:24,12:29,12:32,12:35,12:38,12:42,12:45,12:48,12:52,12:54,12:57,13:00,13:03,13:05,13:07,13:10,13:13
90528,BVI,12,,,,,,,,12:11,12:16,12:19,12:22,12:24,12:27,12:32,12:35,12:38,12:41,12:45,12:48,12:51,12:55,12:57,13:00,13:03,13:06,13:08,13:10,13:13,13:16
92026,VR,15,11:39,11:45,11:50,11:54,12:00,12:05,12:09,12:14,,,,,,12:28,,,,12:37,,,12:43,,,,12:50,,,,13:00
90534,BVI,12,,,,,,,,12:14,12:19,12:22,12:25,12:27,12:30,12:35,12:38,12:41,12:44,12:48,12:51,12:54,12:58,13:00,13:03,13:06,13:09,13:11,13:13,13:16,13:19
90536,VR,12,11:42,11:48,11:53,11:57,12:02,12:07,12:11,12:16,,,,,,,,,,,,,,,,,,,,,
90538,BVI,12,,,,,,,,12:21,12:26,12:29,12:32,12:34,12:37,12:43,12:46,12:49,12:52,12:57,13:00,13:03,13:07,13:09,13:12,13:15,13:18,13:20,13:22,13:25,13:29
90540,BVI,12,,,,,,,,12:24,,,,,,12:40,,,,12:49,,,12:55,,,,13:02,13:04,13:06,13:09,13:13
90542,VR,12,11:47,11:54,11:59,12:03,12:09,12:14,12:18,12:24,12:29,12:32,12:35,12:37,12:40,12:46,,,,,,,,,,,,,,,
90544,VR,12,11:54,12:00,12:05,12:09,12:15,12:20,12:24,12:29,,,,,,12:43,,,,12:52,,,12:58,,,,13:05,13:07,13:09,13:12,13:16
90546,GMN,12,,,,,,,,,,,12:35,12:38,12:41,12:45,12:49,12:52,12:55,13:00,13:03,13:06,13:10,13:12,13:15,13:18,13:21,13:23,13:25,13:28,13:32
90548,BVI,12,,,,,,,,12:31,12:36,12:39,12:42,12:44,12:47,12:51,12:54,12:57,13:00,13:04,13:07,13:10,13:14,13:16,13:19,13:22,13:25,13:27,13:29,13:32,13:35
90550,VR,12,11:59,12:05,12:10,12:14,12:20,12:25,12:29,12:33,,,,,,12:47,,,,12:56,,,13:02,,,,13:09,13:11,13:13,13:16,13:22
90552,BYR,12,,,,,12:23,12:28,12:32,12:37,,,,,,12:52,,,,13:01,,,13:08,,,,,,,,
90554,BVI,12,,,,,,,,12:37,12:42,12:45,12:48,12:50,12:53,12:57,13:00,13:03,13:06,13:10,13:13,13:16,13:20,13:22,13:25,13:28,13:31,13:33,13:35,13:38,13:41
90556,GMN,12,,,,,,,,,,,12:50,12:53,12:56,13:01,13:05,13:08,13:11,13:16,13:19,13:22,13:26,13:28,13:31,13:34,13:37,13:39,13:41,13:44,13:48
90558,VR,12,12:05,12:11,12:16,12:20,12:27,12:32,12:36,12:41,12:45,12:48,12:51,12:53,12:56,13:03,,,,,,,,,,,,,,,
90560,VR,12,12:10,12:16,12:21,12:25,12:31,12:36,12:40,12:47,,,,,,,,,,,,,,,,,,,,,
90562,BVI,12,,,,,,,,12:47,12:52,12:55,12:58,13:00,13:03,13:08,13:11,13:14,13:17,13:21,13:24,13:27,13:31,13:33,13:36,13:39,13:42,13:44,13:46,13:49,13:52
92028,VR,15,12:14,12:20,12:25,12:30,12:36,12:41,12:45,12:49,,,,,,13:03,,,,13:12,,,13:19,,,,,,,,
90566,VR,12,12:19,12:25,12:30,12:34,12:40,12:45,12:49,12:53,,,,,,13:07,,,,13:16,,,13:22,,,,13:29,13:31,13:33,13:36,13:40
93014,DRD,12,12:25,,,,,,,,,,,,,,,,,,,,,,,,,,,,
90568,BVI,12,,,,,,,,12:51,12:56,12:59,13:02,13:04,13:07,13:11,13:14,13:17,13:20,13:24,13:27,13:30,13:34,13:36,13:39,13:42,13:45,13:47,13:49,13:52,13:55
90570,BVI,12,,,,,,,,12:54,12:59,13:02,13:05,,13:10,13:14,,,,13:24,,,13:31,,,,13:38,13:40,13:42,13:45,13:48
90572,BYR,12,,,,,12:42,12:47,12:51,12:57,13:02,13:05,13:08,13:10,13:13,13:17,13:20,13:23,13:26,13:30,13:33,13:36,13:40,13:42,13:45,13:48,13:51,13:53,13:55,13:58,14:01
90574,BVI,12,,,,,,,,13:00,13:05,13:08,13:11,13:13,13:16,13:20,13:23,13:26,13:29,13:33,13:36,13:39,13:43,13:45,13:48,13:51,13:54,13:56,13:58,14:01,14:04
90576,VR,12,12:25,12:31,12:36,12:41,12:47,12:52,12:56,13:01,13:08,13:11,13:14,13:16,13:19,13:24,13:27,13:30,13:33,13:38,13:41,13:44,13:48,13:50,13:53,13:56,13:59,14:01,14:03,14:06,14:10
90578,VR,12,12:29,,12:40,,12:47,,,12:57,,,,,,13:11,,,,13:21,,,13:27,,,,13:34,13:36,13:38,13:41,13:44
90580,VR,12,12:30,12:36,12:41,12:47,12:53,12:58,13:02,13:06,,,,,,13:20,,,,13:29,,,13:36,,,,,,,,
90582,GMN,12,,,,,,,,,,,13:19,13:22,13:25,13:29,13:33,13:36,13:39,13:43,13:46,13:49,13:53,13:55,13:58,14:01,14:04,14:06,14:08,14:11,14:14
90584,BVI,12,,,,,,,,13:10,13:16,13:19,13:22,13:24,13:27,13:32,13:36,13:39,13:42,13:46,13:49,13:52,13:56,13:58,14:01,14:04,14:07,14:09,14:11,14:14,14:17
90586,VR,12,12:41,12:48,12:53,12:57,13:03,13:08,13:12,13:17,,,,,,13:31,,,,13:41,,,13:47,,,,13:54,13:56,13:58,14:01,14:04
90588,BVI,12,,,,,,,,13:15,13:19,13:22,13:25,13:27,13:30,13:35,13:39,13:42,13:45,13:49,13:52,13:55,13:59,14:01,14:04,14:07,14:10,14:12,14:14,14:17,14:20
90590,BYR,12,,,,,13:04,13:10,13:14,13:20,,,,,,13:35,,,,13:44,,,13:51,,,,,,,,
90592,BVI,12,,,,,,,,13:19,13:24,13:27,13:30,13:32,13:35,13:41,13:44,13:47,13:50,13:54,13:57,14:00,14:04,14:06,14:09,14:12,14:15,14:17,14:19,14:22,14:25
90594,VR,12,12:48,12:54,12:59,13:03,13:09,13:14,13:18,13:24,,,,,,13:38,,,,13:48,,,13:54,,,,14:01,14:03,14:05,14:08,14:12
90596,BVI,12,,,,,,,,13:22,13:27,13:30,13:33,13:35,13:38,13:44,13:48,13:51,13:54,13:59,14:02,14:05,14:09,14:11,14:14,14:17,14:20,14:22,14:24,14:27,14:30
90598,VR,12,12:49,12:55,13:00,13:05,13:11,13:16,13:20,13:25,13:30,13:33,13:36,13:38,13:41,13:47,13:51,13:54,13:57,14:02,,,,,,,,,,,
90600,BVI,12,,,,,,,,13:29,13:34,13:37,13:40,13:42,13:45,13:50,13:54,13:57,14:00,14:04,14:07,14:10,14:14,14:16,14:19,14:22,14:25,14:27,14:29,14:32,14:37
90602,VR,12,12:55,13:01,13:06,13:10,13:16,13:21,13:25,13:29,,,,,,13:45,,,,13:54,,,14:00,,,,14:07,14:09,14:11,14:14,14:18
90604,BVI,12,,,,,,,,13:32,13:37,13:40,13:43,,13:48,13:53,,,,14:03,,,14:09,,,,14:16,14:18,14:20,14:23,14:27
90606,BVI,12,,,,,,,,13:35,13:40,13:43,13:47,13:49,13:52,13:56,13:59,14:02,14:05,14:09,14:12,14:15,14:19,14:21,14:24,14:27,14:30,14:32,14:34,14:37,14:41
90608,BSR,12,,,13:11,13:16,13:22,13:27,13:31,13:36,,,,,,13:52,,,,14:01,,,14:09,,,,,,,,
90610,VR,12,13:04,13:11,13:16,13:21,13:27,13:32,13:36,13:41,,,,,,13:56,,,,14:06,,,14:12,,,,14:19,14:21,14:23,14:26,14:30
90612,GMN,12,,,,,,,,,,,13:49,13:52,13:55,13:59,14:03,14:06,14:09,14:13,14:16,14:19,14:22,14:24,14:27,14:30,14:33,14:35,14:37,14:40,14:44
90614,BVI,12,,,,,,,,13:40,13:46,13:49,13:52,13:54,13:57,14:02,14:06,14:09,14:12,14:16,14:19,14:22,14:26,14:28,14:31,14:34,14:37,14:39,14:41,14:44,14:48
90616,VR,12,13:08,13:14,13:19,13:23,13:29,13:34,13:39,13:43,13:48,13:51,13:54,13:56,13:59,14:05,,,,,,,,,,,,,,,
90618,BYR,12,,,,,13:31,13:36,13:40,13:45,,,,,,13:59,,,,14:09,,,14:15,,,,14:22,14:24,14:26,14:29,14:33
90620,BVI,12,,,,,,,,13:46,13:51,13:54,13:57,13:59,14:02,14:06,14:10,14:13,14:16,14:20,14:23,14:26,14:30,14:32,14:35,14:38,14:41,14:43,14:45,14:48,14:52
92030,VR,15,13:11,13:18,13:23,13:28,13:34,13:39,13:43,13:48,,,,,,14:04,,,,14:13,,,14:20,,,,,,,,
94006,VR,12,13:18,13:24,13:29,13:34,13:40,13:45,13:49,13:54,,,,,,14:10,,,,14:19,,,14:25,,,,14:32,14:34,14:36,14:39,14:44
90626,BVI,12,,,,,,,,13:53,13:58,14:01,14:04,14:06,14:09,14:14,14:17,,14:23,14:27,14:30,14:33,14:37,14:39,14:42,14:45,14:48,14:50,14:52,14:55,14:58
90628,BVI,12,,,,,,,,13:57,14:02,14:05,14:08,14:10,14:13,14:17,14:20,14:23,14:26,14:30,14:33,14:36,14:40,14:42,14:45,14:48,14:51,14:53,14:55,14:58,15:01
90630,VR,12,13:25,13:31,13:36,13:40,13:46,13:51,13:55,14:01,,,,,,14:15,,,,14:24,,,14:29,,,,14:36,14:38,14:40,14:43,14:47
90632,BVI,12,,,,,,,,14:01,14:06,14:09,14:12,14:14,14:17,14:22,14:25,14:28,14:31,14:35,14:38,14:41,14:45,14:47,14:50,14:53,14:56,14:58,15:00,15:03,15:07
90634,BVI,12,,,,,,,,14:04,14:09,14:12,14:15,,14:20,14:25,,,,14:35,,,14:41,,,,14:48,14:50,14:52,14:55,14:58
90638,VR,12,13:29,13:36,13:41,13:45,13:51,13:56,14:00,14:05,,,,,,14:21,,,,14:30,,,14:36,,,,14:43,14:45,14:47,14:50,14:54
90640,BVI,12,,,,,,,,14:08,14:13,14:16,14:19,14:21,14:24,14:28,14:31,14:34,14:37,14:41,14:44,14:47,14:51,14:53,14:56,14:59,15:02,15:04,15:06,15:09,15:13
90642,VR,12,13:34,13:40,13:45,13:49,13:55,14:00,14:04,14:09,,,,,,14:25,,,,,,,,,,,,,,,
90644,BVI,12,,,,,,,,14:11,14:16,14:19,14:22,14:24,14:27,14:31,14:34,14:37,14:40,14:44,14:47,14:50,14:54,14:56,14:59,15:02,15:05,15:07,15:09,15:12,15:16
90646,BSR,12,,,13:48,13:53,13:59,14:04,14:08,14:14,14:21,14:24,14:27,14:29,14:32,14:36,14:39,14:42,14:45,14:49,14:52,14:55,14:59,15:01,15:04,15:07,15:10,15:12,15:14,15:17,15:20
93016,DRD,12,13:40,,,,,,,,,,,,,,,,,,,,,,,,,,,,
90650,VR,12,13:42,13:48,13:53,13:57,14:03,14:08,14:12,14:17,,,,,,14:31,,,,14:41,,,14:48,,,,14:55,14:57,14:59,15:02,15:05
90652,VR,12,13:46,13:52,13:57,14:01,14:07,14:12,14:16,14:21,,,,,,14:40,,,,,,,,,,,,,,,
90654,BVI,12,,,,,,,,14:20,14:25,14:28,14:31,14:33,14:36,14:41,14:44,14:47,14:50,14:54,14:57,15:00,15:04,15:06,15:09,15:12,15:15,15:17,15:19,15:22,15:25
90656,BYR,12,,,,,14:07,14:12,14:16,14:20,,,,,,14:34,,,,14:44,,,14:50,,,,14:57,14:59,15:01,15:04,15:08
90658,VR,12,13:49,13:56,14:01,14:05,14:11,14:16,14:20,14:24,,,,,,14:38,,,,14:48,,,14:54,,,,15:01,15:03,15:05,15:08,15:12
90660,VR,12,13:49,13:55,14:00,14:05,14:11,14:16,14:20,14:24,14:28,14:31,14:34,14:36,14:39,14:45,,,,,,,,,,,,,,,
90662,BVI,12,,,,,,,,14:27,14:33,14:36,14:39,14:41,14:43,14:48,14:51,14:54,14:57,15:01,15:04,15:07,15:11,15:13,15:16,15:19,15:22,15:24,15:26,15:29,15:32
93018,DRD,12,13:56,,14:05,,14:15,,,14:27,,,,,,14:41,,,,14:51,,,14:57,,,,15:04,15:06,15:08,15:11,15:15
90664,BVI,12,,,,,,,,14:30,14:36,14:39,14:42,14:44,14:47,14:51,14:54,14:57,15:00,15:04,15:07,15:10,15:14,15:16,15:19,15:22,15:25,15:27,15:29,15:32,15:35
90666,VR,12,14:00,14:06,14:11,14:15,14:21,14:26,14:30,14:35,,,,,,14:52,,,,15:01,,,15:07,,,,15:14,15:16,15:18,15:21,15:24
90670,BVI,12,,,,,,,,14:35,14:41,14:44,14:47,14:49,14:52,14:57,15:00,15:03,15:06,15:10,15:13,15:16,15:20,15:22,15:25,15:28,15:31,15:33,15:35,15:38,15:41
90672,VR,12,14:05,14:11,14:16,14:20,14:26,14:31,14:35,14:40,,,,,,14:55,,,,15:05,,,15:11,,,,15:18,15:20,15:22,15:25,15:29
90674,BVI,12,,,,,,,,14:40,14:45,14:48,14:51,14:53,14:56,15:01,15:04,15:07,15:10,15:14,15:17,15:20,15:24,15:26,15:29,15:32,15:35,15:37,15:39,15:42,15:45
90676,VR,12,14:09,14:15,14:20,14:24,14:30,14:35,14:39,14:44,,,,,,14:59,,,,15:09,,,15:16,,,,,,,,
90678,BVI,12,,,,,,,,14:43,14:49,14:52,14:55,14:57,15:00,15:04,15:07,15:10,15:13,15:17,15:20,15:23,15:27,15:29,15:32,15:35,15:38,15:40,15:42,15:45,15:48
90680,BVI,12,,,,,,,,14:48,14:53,14:56,14:59,15:01,15:04,15:08,15:11,15:14,15:17,15:21,15:24,15:27,15:31,15:33,15:36,15:39,15:42,15:44,15:46,15:49,15:52
90684,ADH,12,,,,,,,,,,,,,,15:12,15:16,15:19,15:22,15:27,15:30,15:33,15:37,15:39,15:42,15:45,15:48,15:50,15:52,15:55,15:58
90686,VR,12,14:16,14:22,14:28,14:33,14:39,14:44,14:48,14:53,14:57,15:00,15:03,15:06,15:09,15:15,15:19,15:22,15:25,15:31,,,,,,,,,,,
90688,VR,12,14:21,14:27,14:33,14:37,14:43,14:48,14:52,14:56,,,,,,15:10,,,,15:19,,,15:24,,,,15:31,15:33,15:35,15:38,15:41
92032,VR,15,14:24,,14:33,,14:41,,,14:53,,,,,,15:07,,,,15:16,,,15:23,,,,,,,,
90690,VR,12,14:32,14:38,14:43,14:48,14:54,14:59,15:03,15:08,,,,,,15:22,,,,15:32,,,15:37,,,,15:44,15:46,15:48,15:51,15:55
90692,BVI,12,,,,,,,,14:57,15:02,15:05,15:08,,15:13,15:18,,,,15:29,,,15:34,,,,15:41,15:43,15:45,15:48,15:52
90694,BVI,12,,,,,,,,15:01,15:06,15:09,15:12,15:14,15:17,15:21,15:24,15:27,15:30,15:34,15:37,15:40,15:44,15:46,15:49,15:52,15:55,15:57,15:59,16:02,16:05
93020,DRD,12,14:35,,,,,,,,,,,,,,,,,,,,,,,,,,,,
90696,GMN,12,,,,,,,,,,,15:13,15:16,15:19,15:23,15:27,15:30,15:33,15:37,15:40,15:43,15:47,15:49,15:52,15:55,15:58,16:00,16:02,16:05,16:08
90698,BVI,12,,,,,,,,15:09,15:13,15:16,15:19,,15:24,15:29,,,,15:38,,,15:44,,,,15:51,15:53,15:55,15:58,16:01
90700,BSR,12,,,14:49,14:54,15:00,15:05,15:09,15:15,,,,,,15:30,,,,,,,,,,,,,,,
92034,VR,15,14:39,14:45,14:50,,14:58,,,15:11,,,,,,15:25,,,,15:35,,,15:41,,,,15:48,,,,15:58
90702,BVI,12,,,,,,,,15:14,15:19,15:22,15:25,15:27,15:30,15:34,15:37,15:40,15:43,15:47,15:50,15:53,15:57,15:59,16:02,16:05,16:08,16:10,16:12,16:15,16:18
92036,VR,15,14:42,14:48,14:54,14:58,15:04,15:09,15:14,15:19,,,,,,15:34,,,,15:43,,,15:49,,,,15:56,,,,16:07
90708,BVI,12,,,,,,,,15:20,15:25,15:28,15:31,15:33,15:36,15:40,15:43,15:46,15:49,15:53,15:56,15:59,16:03,16:05,16:08,16:11,16:14,16:16,16:18,16:21,16:24
90710,BYR,12,,,,,15:06,15:13,15:17,15:22,,,,,,15:37,,,,15:46,,,15:52,,,,15:59,16:01,16:03,16:06,16:11
90714,BVI,12,,,,,,,,15:25,15:30,15:33,15:36,15:38,15:41,15:46,15:49,15:52,15:55,16:00,16:03,16:06,16:10,16:13,16:16,16:19,16:22,16:24,16:26,16:29,16:33
90716,VR,12,14:52,14:58,15:03,15:07,15:13,15:18,15:22,15:29,15:34,15:37,15:40,15:42,15:45,15:51,,,,,,,,,,,,,,,
90718,BVI,12,,,,,,,,15:32,15:37,15:40,15:43,15:45,15:48,15:53,15:56,15:59,16:02,16:07,16:10,16:13,16:17,16:19,16:22,16:25,16:28,16:30,16:32,16:35,16:39
90720,VR,12,14:56,15:02,15:07,15:12,15:18,15:23,15:27,15:32,,,,,,15:46,,,,15:54,,,16:01,,,,16:08,16:10,16:12,16:15,16:18
90722,VR,12,15:00,15:06,15:11,15:15,15:21,15:26,15:30,15:35,,,,,,,,,,,,,,,,,,,,,
90724,GMN,12,,,,,,,,,,,15:46,15:48,15:51,15:56,15:59,16:02,16:05,16:10,16:13,16:16,16:20,16:22,16:25,16:28,16:31,16:33,16:35,16:38,16:42
90726,BVI,12,,,,,,,,15:36,15:42,15:45,15:48,,15:53,15:58,,,,16:07,,,16:12,,,,16:19,16:21,16:23,16:26,16:29
90728,BVI,12,,,,,,,,15:40,15:45,15:48,15:51,15:53,15:56,16:01,16:04,16:07,16:10,16:14,16:17,16:20,16:24,16:26,16:29,16:32,16:35,16:37,16:39,16:42,16:45
90730,BYR,12,,,,,15:29,15:35,15:39,15:44,15:49,15:52,15:55,15:57,16:00,16:06,,,,,,,,,,,,,,,
90732,BVI,12,,,,,,,,15:46,15:52,15:55,15:58,16:00,16:03,16:08,16:11,16:14,16:17,16:21,16:24,16:27,16:31,16:33,16:36,16:39,16:42,16:44,16:46,16:49,16:52
90734,VR,12,15:12,15:18,15:23,15:28,15:34,15:39,15:43,15:47,,,,,,16:02,,,,16:12,,,16:18,,,,16:25,16:27,16:29,16:32,16:36
90736,BVI,12,,,,,,,,15:50,15:55,15:58,16:01,16:03,16:06,16:11,16:14,16:17,16:20,16:24,16:27,16:30,16:34,16:36,16:39,16:42,16:45,16:47,16:49,16:52,16:55
90738,BSR,12,,,15:25,15:30,15:36,15:41,15:45,15:50,,,,,,16:05,,,,16:15,,,16:21,,,,16:28,16:30,16:32,16:35,16:39
90742,BVI,12,,,,,,,,15:56,16:01,16:04,16:07,16:09,16:12,16:17,16:20,16:23,16:26,16:30,16:33,16:36,16:40,16:42,16:45,16:48,16:51,16:53,16:55,16:58,17:01
90744,VR,12,15:16,15:22,15:27,15:32,15:38,15:43,15:48,15:53,15:58,16:01,16:04,16:06,16:09,16:15,,,,,,,,,,,,,,,
90746,VR,12,15:20,15:26,15:32,15:37,15:43,15:48,15:52,15:58,,,,,,,,,,,,,,,,,,,,,
90748,GMN,12,,,,,,,,,,,16:08,16:11,16:14,16:18,16:23,16:26,16:29,16:33,16:36,16:39,16:43,16:45,16:48,16:51,16:54,16:56,16:58,17:01,17:04
90750,BVI,12,,,,,,,,15:58,16:03,16:06,16:11,16:13,16:16,16:20,16:24,16:27,16:30,16:36,16:39,16:42,16:46,16:48,16:51,16:54,16:57,16:59,17:01,17:04,17:08
90752,VR,12,15:24,15:30,15:36,15:41,15:47,15:52,15:57,16:04,,,,,,16:18,,,,16:26,,,16:32,,,,16:39,16:41,16:43,16:46,16:49
90754,VR,12,15:27,,15:37,,15:46,,,15:57,,,,,,16:11,,,,16:19,,,16:25,,,,16:32,16:34,16:36,16:39,16:42
93022,DRD,12,15:33,,15:41,,15:50,,,16:00,,,,,,16:14,,,,16:23,,,16:30,,,,,,,,
90756,BVI,12,,,,,,,,16:01,16:07,16:10,16:13,16:15,16:18,16:23,16:27,16:30,16:33,16:38,16:41,16:44,16:48,16:50,16:53,16:56,16:59,17:01,17:03,17:06,17:10
90758,BYR,12,,,,,15:54,16:00,16:04,16:11,,,,,,16:25,,,,16:34,,,16:42,,,,,,,,
90760,BVI,12,,,,,,,,16:04,16:10,16:13,16:16,16:18,16:21,16:26,16:30,16:33,16:36,16:41,16:44,16:47,16:51,16:53,16:56,16:59,17:02,17:04,17:06,17:09,17:13
90762,VR,12,15:35,15:41,15:46,15:52,15:58,16:04,16:08,16:14,,,,,,16:29,,,,,,,,,,,,,,,
90764,BVI,12,,,,,,,,16:09,16:15,16:18,16:21,16:23,16:26,16:31,16:35,16:38,16:41,16:45,16:48,16:51,16:55,16:57,17:00,17:03,17:06,17:08,17:10,17:13,17:17
90766,VR,12,15:40,15:46,15:51,15:56,16:02,16:07,16:11,16:18,,,,,,16:31,,,,16:39,,,16:44,,,,16:51,16:53,16:55,16:58,17:01
90768,BVI,12,,,,,,,,16:15,16:21,16:24,16:27,16:29,16:32,16:37,16:41,16:44,16:47,16:51,16:54,16:57,17:01,17:03,17:06,17:09,17:12,17:14,17:16,17:19,17:23
90770,VR,12,15:44,15:50,15:55,16:00,16:06,16:11,16:15,16:20,,,,,,16:34,,,,16:44,,,16:50,,,,16:57,16:59,17:01,17:04,17:07
90772,BVI,12,,,,,,,,16:18,16:25,16:28,16:31,16:33,16:36,16:40,16:45,16:48,16:51,16:55,16:58,17:01,17:05,17:07,17:10,17:13,17:16,17:18,17:20,17:23,17:27
90774,MDD,12,,,,,,,,,,16:30,,,,16:40,,,,16:50,,,16:56,,,,17:03,17:05,17:07,17:10,17:14
90776,GMN,12,,,,,,,,,,,16:33,16:36,16:39,16:43,16:48,16:51,16:54,16:58,17:01,17:04,17:08,17:10,17:13,17:16,17:19,17:21,17:23,17:26,17:30
90778,BVI,12,,,,,,,,16:21,16:28,16:31,16:34,,16:39,16:43,,,,16:52,,,16:59,,,,17:07,17:09,17:11,17:14,17:17
90780,BSR,12,,,16:00,16:05,16:11,16:16,16:20,16:26,16:31,16:34,16:37,16:39,16:42,16:48,,,,,,,,,,,,,,,
90782,VR,12,15:52,15:58,16:03,16:07,16:13,16:18,16:22,16:27,,,,,,16:44,,,,,,,,,,,,,,,
90784,BVI,12,,,,,,,,16:29,16:34,16:37,16:40,16:42,16:45,16:49,16:52,16:55,16:58,17:02,17:05,17:08,17:12,17:14,17:17,17:20,17:23,17:25,17:27,17:30,17:33
90786,BVI,12,,,,,,,,16:32,16:37,16:40,16:43,16:45,16:48,16:52,16:55,16:58,17:01,17:05,17:09,17:12,17:17,17:20,17:23,17:26,17:29,17:31,17:33,17:36,17:39
90788,BYR,12,,,,,16:17,16:24,16:28,16:34,,,,,,16:49,,,,16:58,,,17:04,,,,17:12,17:14,17:16,17:19,17:23
92038,VR,15,16:03,16:09,16:14,16:18,16:24,16:30,16:34,16:38,,,,,,16:52,,,,17:01,,,17:08,,,,,,,,
90790,BVI,12,,,,,,,,16:35,16:40,16:43,16:46,16:48,16:51,16:55,16:58,17:01,17:04,17:08,17:12,17:15,17:20,17:23,17:26,17:29,17:32,17:34,17:36,17:39,17:42
90792,NSP,12,,16:08,16:14,16:18,16:24,16:30,16:34,16:39,16:43,16:46,16:49,16:51,16:54,16:59,17:02,17:05,17:08,17:13,,,,,,,,,,,
90794,BVI,12,,,,,,,,16:42,16:47,16:50,16:53,16:55,16:58,17:02,17:05,17:08,17:11,17:15,17:18,17:21,17:24,17:26,17:29,17:32,17:35,17:37,17:39,17:42,17:45
90796,VR,12,16:08,16:14,16:19,16:23,16:29,16:34,16:38,16:43,,,,,,16:58,,,,17:07,,,17:13,,,,17:20,17:22,17:24,17:27,17:30
90798,MDD,12,,,,,,,,,,16:52,,,,17:02,,,,17:11,,,17:17,,,,17:24,,,,17:33
90800,GMN,12,,,,,,,,,,,16:55,16:58,17:01,17:05,17:09,17:12,17:15,17:19,17:22,17:25,17:29,17:31,17:34,17:37,17:40,17:42,17:44,17:47,17:51
90802,VR,12,16:12,16:18,16:23,16:27,16:33,16:38,16:42,16:47,16:51,16:54,16:57,16:59,17:02,17:08,,,,,,,,,,,,,,,
90804,BVI,12,,,,,,,,16:50,16:55,16:58,17:01,17:03,17:06,17:10,17:13,17:16,17:19,17:23,17:26,17:29,17:33,17:35,17:38,17:41,17:44,17:46,17:48,17:51,17:54
90806,BVI,12,,,,,,,,16:53,16:59,17:02,17:05,17:07,17:10,17:15,17:18,17:21,17:24,17:28,17:31,17:34,17:38,17:40,17:43,17:46,17:50,17:52,17:54,17:57,18:01
94008,VR,12,16:22,16:28,16:33,16:37,16:43,16:48,16:52,16:57,,,,,,17:11,,,,17:20,,,17:26,,,,17:33,,,,17:42
90810,MDD,12,,,,,,,,,,17:05,,,,17:15,,,,17:25,,,17:31,,,,17:38,,,,17:47
90812,BVI,12,,,,,,,,16:57,17:03,17:06,17:09,17:11,17:14,17:19,17:22,17:25,17:28,17:33,17:36,17:39,17:42,17:44,17:47,17:50,17:53,17:55,17:57,18:00,18:05
90814,BYR,12,,,,,16:44,16:51,16:55,17:01,,,,,,17:19,,,,17:29,,,17:35,,,,17:44,,,,17:52
90816,BVI,12,,,,,,,,17:01,17:06,17:09,17:12,,17:17,17:22,,,,17:33,,,17:39,,,,17:47,,,,17:55
90818,VR,12,16:29,16:35,16:40,16:44,16:50,16:55,16:59,17:05,,,,,,17:23,,,,,,,,,,,,,,,
90820,BVI,12,,,,,,,,17:05,17:10,17:13,17:16,17:18,17:21,17:25,17:28,17:31,17:34,17:38,17:41,17:44,17:48,17:50,17:53,17:56,17:59,18:01,18:03,18:06,18:09
90822,BSR,12,,,16:42,16:48,16:54,16:59,17:03,17:08,17:13,17:16,17:19,17:21,17:24,17:28,17:32,17:35,17:38,17:42,17:45,17:48,17:52,17:54,17:57,18:00,18:03,18:05,18:07,18:10,18:13
90824,VR,12,16:33,16:39,16:43,16:47,16:53,16:58,17:02,17:09,,,,,,17:26,,,,17:36,,,17:42,,,,17:51,,,,17:59
90826,GMN,12,,,,,,,,,,,17:20,17:23,17:26,17:30,17:35,17:38,17:41,17:45,17:48,17:51,17:55,17:57,18:00,18:03,18:06,18:08,18:10,18:13,18:16
90828,BVI,12,,,,,,,,17:11,17:18,17:21,17:24,17:26,17:29,17:34,17:38,17:41,17:44,17:48,17:51,17:54,17:58,18:00,18:03,18:06,18:09,18:11,18:13,18:16,18:19
93024,DRD,12,16:38,16:44,16:49,16:53,16:59,17:04,17:08,17:14,,,,,,17:30,,,,17:40,,,17:47,,,,,,,,
90830,VR,12,16:37,16:42,16:47,16:51,16:57,17:02,17:06,17:12,,,,,,,,,,,,,,,,,,,,,
90834,ADH,12,,,,,,,,,,,,,,17:36,17:41,17:44,17:47,17:51,17:54,17:57,18:01,18:03,18:06,18:09,18:12,18:14,18:16,18:19,18:22
90836,BVI,12,,,,,,,,17:14,17:21,17:24,17:28,17:30,17:33,17:39,17:44,17:47,17:50,17:54,17:57,18:00,18:04,18:06,18:09,18:12,18:15,18:17,18:19,18:22,18:25
90838,BYR,12,,,,,17:02,17:08,17:12,17:17,,,,,,17:33,,,,17:43,,,17:49,,,,17:58,,,,18:06
90840,MDD,12,,,,,,,,,,17:25,,,,17:36,,,,17:46,,,17:52,,,,18:01,,,,18:10
90842,VR,12,16:44,16:51,16:56,17:00,17:06,17:12,17:16,17:20,17:25,17:28,17:31,17:33,17:36,17:42,,,,,,,,,,,,,,,
90844,BVI,12,,,,,,,,17:23,17:29,17:32,17:35,17:37,17:40,17:44,17:47,17:50,17:53,17:57,18:00,18:03,18:07,18:09,18:12,18:15,18:18,18:20,18:22,18:25,18:29
90846,GMN,12,,,,,,,,,,,17:37,17:40,17:43,17:47,17:51,17:54,17:57,18:01,18:04,18:07,18:11,18:13,18:16,18:19,18:22,18:24,18:26,18:29,18:32
90850,NSP,12,,16:55,17:00,17:05,17:11,17:16,17:20,17:26,,,,,,,,,,,,,,,,,,,,,
90852,BVI,12,,,,,,,,17:28,,,,,,17:44,,,,17:54,,,18:00,,,,18:07,,,,18:17
90854,BVI,12,,,,,,,,17:28,17:34,17:37,17:40,17:42,17:45,17:50,17:54,17:57,18:00,18:04,18:07,18:10,18:14,18:16,18:19,18:22,18:25,18:27,18:29,18:32,18:35
90856,BVI,12,,,,,,,,17:31,17:37,17:40,17:44,17:46,17:48,17:53,17:57,18:00,18:03,18:07,18:10,18:13,18:17,18:19,18:22,18:25,18:28,18:30,18:32,18:35,18:38
90858,BSR,12,,,17:04,17:10,17:16,17:21,17:25,17:32,,,,,,,,,,,,,,,,,,,,,
90860,VR,12,16:55,17:02,17:07,17:12,17:18,17:23,17:27,17:32,,,,,,17:47,,,,17:57,,,18:03,,,,18:10,,,,18:20
90862,VR,12,17:01,17:08,17:13,17:18,17:24,17:29,17:33,17:38,,,,,,17:53,,,,18:02,,,18:08,,,,18:15,,,,18:25
90864,ADH,12,,,,,,,,,,,,,,17:56,18:01,18:04,18:07,18:12,18:15,18:18,18:22,18:24,18:27,18:30,18:33,18:35,18:37,18:40,18:44
90866,BVI,12,,,,,,,,17:39,17:45,17:49,17:53,,17:58,18:03,,,,18:12,,,18:17,,,,18:24,,,,18:32
92040,VR,15,17:06,17:12,17:17,17:21,17:27,17:32,17:36,17:42,,,,,,17:58,,,,,,,,,,,,,,,
90870,BVI,12,,,,,,,,17:44,17:50,17:53,17:56,17:58,18:01,18:06,18:09,18:12,18:15,18:19,18:22,18:25,18:29,18:31,18:34,18:37,18:40,18:42,18:44,18:47,18:50
90872,BYR,12,,,,,17:31,17:37,17:41,17:46,,,,,,18:00,,,,18:09,,,18:14,,,,18:21,,,,18:29
90874,BVI,12,,,,,,,,17:48,17:55,17:58,18:01,18:03,18:06,18:11,18:15,18:18,18:21,18:25,18:28,18:31,18:35,18:37,18:40,18:43,18:46,18:48,18:50,18:53,18:57
90876,VR,12,17:15,17:21,17:26,17:30,17:36,17:41,17:45,17:50,,,,,,18:06,,,,18:15,,,18:21,,,,18:28,,,,18:36
90880,ADH,12,,,,,,,,,,,,,,18:08,18:12,18:15,18:18,18:22,18:25,18:28,18:32,18:34,18:37,18:40,18:43,18:45,18:47,18:50,18:54
90882,VR,12,17:18,17:24,17:29,17:34,17:40,17:45,17:50,17:55,18:00,18:03,18:06,18:08,18:11,18:17,,,,,,,,,,,,,,,
90884,GMN,12,,,,,,,,,,,17:57,18:01,18:04,18:10,18:15,18:18,18:21,18:27,18:31,18:34,18:38,18:40,18:43,18:46,18:49,18:51,18:53,18:56,19:00
90886,BSR,12,,,17:34,17:39,17:45,17:50,17:55,18:01,,,,,,,,,,,,,,,,,,,,,
90888,BVI,12,,,,,,,,17:57,18:02,18:05,18:08,18:10,18:13,18:18,18:21,18:24,18:27,18:32,18:35,18:38,18:42,18:44,18:47,18:50,18:53,18:55,18:57,19:00,19:04
93026,DRD,12,17:20,,,,,,,,,,,,,,,,,,,,,,,,,,,,
90890,VR,12,17:21,17:28,17:34,17:38,17:44,17:49,17:53,17:57,,,,,,18:12,,,,18:21,,,18:28,,,,,,,,
90892,GMN,12,,,,,,,,,,,18:11,18:14,18:17,18:21,18:25,18:28,18:31,18:36,18:39,18:42,18:46,18:48,18:51,18:54,18:57,18:59,19:01,19:04,19:07
90894,VR,12,17:27,17:33,17:38,17:42,17:48,17:53,17:57,18:01,,,,,,18:15,,,,18:24,,,18:30,,,,18:37,,,,18:46
90896,BVI,12,,,,,,,,18:04,,,,,,18:19,,,,18:28,,,18:34,,,,18:41,,,,18:50
90898,BVI,12,,,,,,,,18:04,18:09,18:12,18:15,18:17,18:20,18:25,18:29,18:32,18:35,18:39,18:42,18:45,18:49,18:51,18:54,18:57,19:00,19:02,19:04,19:07,19:10
90900,VR,12,17:30,17:36,17:41,17:46,17:52,17:58,18:02,18:07,,,,,,18:22,,,,,,,,,,,,,,,
90902,NSP,12,,17:41,17:46,17:50,17:56,18:01,18:05,18:12,,,,,,,,,,,,,,,,,,,,,
90904,BA,12,,,,,,,,,,,,,,,,,,18:42,18:45,18:48,18:52,18:54,18:57,19:00,19:03,19:05,19:07,19:10,19:13
90906,BVI,12,,,,,,,,18:10,18:15,18:18,18:21,18:23,18:26,18:31,18:35,18:38,18:41,18:45,18:48,18:51,18:55,18:57,19:00,19:03,19:06,19:08,19:10,19:13,19:16
90908,BVI,12,,,,,,,,18:13,18:19,18:22,18:25,18:27,18:30,18:34,18:38,18:41,18:44,18:48,18:51,18:54,18:58,19:00,19:03,19:06,19:09,19:11,19:13,19:16,19:19
90910,VR,12,17:41,17:47,17:52,17:56,18:02,18:07,18:11,18:16,,,,,,18:32,,,,18:40,,,18:46,,,,18:53,,,,19:01
92042,VR,12,17:44,17:51,17:56,18:00,18:06,18:11,18:16,18:20,,,,,,18:36,,,,,,,,,,,,,,,
90914,BSR,12,,,17:58,18:04,18:10,18:15,18:19,18:23,,,,,,18:38,,,,18:46,,,18:51,,,,18:58,,,,19:06
90916,NSP,12,,17:54,17:59,18:04,18:10,18:15,18:20,18:24,18:28,18:31,18:34,18:36,18:39,18:44,,,,,,,,,,,,,,,
92044,VR,15,17:51,17:57,18:02,18:08,18:14,18:19,18:23,18:27,,,,,,18:42,,,,18:51,,,18:57,,,,19:04,,,,19:12
90918,VR,12,17:55,18:01,18:06,18:11,18:16,18:21,18:25,18:33,,,,,,,,,,,,,,,,,,,,,
90920,ADH,12,,,,,,,,,,,,,,18:37,18:41,18:44,18:47,18:51,18:54,18:57,19:01,19:03,19:06,19:09,19:12,19:14,19:16,19:19,19:22
90922,BVI,12,,,,,,,,18:17,18:23,18:26,18:29,18:32,18:34,18:40,18:44,18:47,18:50,18:54,18:57,19:00,19:04,19:06,19:09,19:12,19:15,19:17,19:19,19:22,19:25
90924,GMN,12,,,,,,,,,,,18:33,18:36,18:39,18:43,18:47,18:50,18:53,18:57,19:00,19:03,19:07,19:09,19:12,19:15,19:18,19:20,19:22,19:25,19:28
90926,BVI,12,,,,,,,,18:25,18:31,18:34,18:37,18:40,18:42,18:47,18:50,18:53,18:56,19:00,19:03,19:06,19:10,19:12,19:15,19:18,19:21,19:23,19:25,19:28,19:31
90928,BA,12,,,,,,,,,,,,,,,,,,19:02,19:06,19:09,19:13,19:15,19:18,19:21,19:24,19:26,19:28,19:31,19:34
90930,BVI,12,,,,,,,,18:29,18:34,18:37,18:40,18:42,18:45,18:50,18:54,18:57,19:00,19:05,19:09,19:12,19:16,19:18,19:21,19:24,19:27,19:29,19:31,19:34,19:37
90932,MDD,12,,,,,,,,,,18:44,,,,18:52,,,,19:01,,,19:07,,,,19:14,,,,19:22
90936,BVI,12,,,,,,,,18:32,18:38,18:41,18:44,18:46,18:49,18:54,18:58,19:02,19:05,19:09,19:12,19:15,19:19,19:21,19:24,19:27,19:30,19:32,19:34,19:37,19:41
90940,VR,12,18:00,18:06,18:12,18:17,18:23,18:28,18:33,18:39,,,,,,18:55,,,,19:04,,,19:10,,,,,,,,
90942,GMN,12,,,,,,,,,,,18:49,18:52,18:55,18:59,19:03,19:06,19:09,19:13,19:16,19:19,19:23,19:25,19:28,19:31,19:34,19:36,19:38,19:41,19:44
90944,BVI,12,,,,,,,,18:37,18:42,18:45,18:48,18:50,18:53,18:59,19:04,19:08,19:11,19:16,19:19,19:22,19:26,19:28,19:31,19:34,19:37,19:39,19:41,19:44,19:48
90946,VR,12,18:04,18:11,18:16,18:20,18:26,18:31,18:35,18:40,18:45,18:48,18:51,18:53,18:56,19:03,,,,,,,,,,,,,,,
90948,BVI,12,,,,,,,,18:43,18:49,18:52,18:55,18:57,19:00,19:05,19:09,19:12,19:15,19:19,19:22,19:25,19:29,19:31,19:34,19:37,19:40,19:42,19:44,19:47,19:50
90952,VR,12,18:09,18:15,18:20,18:24,18:30,18:35,18:39,18:46,,,,,,,,,,,,,,,,,,,,,
90954,BVI,12,,,,,,,,18:47,18:53,18:56,18:59,,19:04,19:09,,,,19:18,,,19:23,,,,19:30,,,,19:39
90956,VR,12,18:13,18:19,18:24,18:28,18:34,18:39,18:44,18:50,,,,,,19:03,,,,19:11,,,19:16,,,,19:23,,,,19:31
90958,BSR,12,,,18:26,18:32,18:38,18:43,18:47,18:53,,,,,,19:08,,,,,,,,,,,,,,,
90962,BVI,12,,,,,,,,18:52,18:57,19:00,19:03,19:05,19:08,19:12,19:15,19:18,19:21,19:26,19:29,19:32,19:36,19:38,19:41,19:44,19:47,19:49,19:51,19:54,19:57
94010,BVI,12,,,,,,,,18:55,,,,,,19:11,,,,19:21,,,19:27,,,,19:34,,,,19:44
90964,VR,12,18:21,18:27,18:32,18:37,18:43,18:48,18:53,18:58,,,,,,19:14,,,,19:24,,,19:31,,,,,,,,
90966,GMN,12,,,,,,,,,,,19:06,19:09,19:12,19:16,19:20,19:23,19:26,19:30,19:33,19:36,19:40,19:42,19:45,19:48,19:51,19:53,19:55,19:58,20:01
90968,BVI,12,,,,,,,,18:58,19:03,19:06,19:09,19:11,19:15,19:19,19:23,19:26,19:29,19:33,19:36,19:39,19:43,19:45,19:48,19:51,19:54,19:56,19:58,20:01,20:04
90970,BVI,12,,,,,,,,19:00,19:06,19:09,19:12,19:14,19:17,19:23,19:26,19:29,19:32,19:36,19:39,19:42,19:46,19:48,19:51,19:54,19:57,19:59,20:01,20:04,20:07
90972,VR,12,18:25,18:31,18:36,18:42,18:48,18:53,18:57,19:01,,,,,,19:18,,,,19:28,,,19:34,,,,19:41,,,,19:49
90974,BA,12,,,,,,,,,,,,,,,,,,19:39,19:42,19:45,19:49,19:51,19:54,19:57,20:00,20:02,20:04,20:07,20:10
90978,BVI,12,,,,,,,,19:06,19:11,19:14,19:17,19:19,19:22,19:27,19:30,19:33,19:36,19:42,19:45,19:48,19:52,19:54,19:57,20:00,20:03,20:05,20:07,20:10,20:13
90980,VR,12,18:30,18:37,18:42,18:47,18:53,18:58,19:02,19:07,,,,,,19:21,,,,19:31,,,19:37,,,,19:44,,,,19:52
90982,VR,12,18:32,18:38,18:43,18:47,18:53,18:58,19:03,19:08,19:14,19:17,19:20,19:22,19:25,19:30,19:34,19:37,19:40,19:45,,,,,,,,,,,
90984,BVI,12,,,,,,,,19:12,,,,,,19:28,,,,19:38,,,19:44,,,,19:51,,,,20:00
93028,DRD,12,18:35,,,,,,,,,,,,,,,,,,,,,,,,,,,,
90986,GMN,12,,,,,,,,,,,19:23,19:26,19:29,19:34,19:38,19:41,19:44,19:48,19:51,19:54,19:58,20:00,20:03,20:06,20:09,20:11,20:13,20:16,20:19
90988,BVI,12,,,,,,,,19:13,19:18,19:21,19:26,,19:30,19:35,,,,19:44,,,19:50,,,,19:57,,,,20:06
90990,BVI,12,,,,,,,,19:17,19:22,19:25,19:29,19:31,19:34,19:39,19:42,19:45,19:48,19:52,19:55,19:58,20:02,20:04,20:07,20:10,20:13,20:15,20:17,20:20,20:24
90992,VR,12,18:39,18:46,18:51,18:56,19:02,19:07,19:11,19:17,,,,,,,,,,,,,,,,,,,,,
90994,BVI,12,,,,,,,,19:21,19:26,19:29,19:32,19:34,19:37,19:42,19:45,19:48,19:51,19:55,19:58,20:01,20:05,20:07,20:10,20:13,20:16,20:18,20:20,20:23,20:27
92046,VR,15,18:45,18:52,18:58,19:03,19:08,19:13,19:19,19:23,,,,,,19:39,,,,19:48,,,19:54,,,,20:01,,,,20:10
90998,BVI,12,,,,,,,,19:25,19:30,19:33,19:36,19:38,19:41,19:45,19:48,19:51,19:54,19:58,20:01,20:04,20:08,20:10,20:13,20:16,20:19,20:21,20:23,20:26,20:30
91000,VR,12,18:56,19:02,19:07,19:12,19:18,19:23,19:27,19:32,,,,,,19:48,,,,19:57,,,20:04,,,,,,,,
91002,ADH,12,,,,,,,,,,,,,,19:49,19:53,19:56,19:59,20:03,20:06,20:09,20:13,20:15,20:18,20:21,20:24,20:26,20:28,20:31,20:34
91004,BVI,12,,,,,,,,19:28,19:34,19:37,19:41,19:43,19:46,19:52,19:56,19:59,20:02,20:06,20:09,20:12,20:16,20:18,20:21,20:24,20:27,20:29,20:31,20:34,20:37
91006,BVI,12,,,,,,,,19:25,,,,,,19:42,,,,19:51,,,19:57,,,,20:04,,,,20:13
91008,BVI,12,,,,,,,,19:35,19:40,19:43,19:46,19:48,19:51,19:55,19:59,20:02,20:05,20:09,20:12,20:15,20:19,20:21,20:24,20:27,20:30,20:32,20:34,20:37,20:40
93030,DRD,12,19:00,,19:09,,19:17,,,19:29,,,,,,19:45,,,,19:54,,,20:00,,,,20:07,,,,20:16
91010,BYR,12,,,,,19:24,19:30,19:35,19:40,,,,,,19:53,,,,20:01,,,20:06,,,,20:13,,,,20:21
91012,BVI,12,,,,,,,,19:38,19:43,19:46,19:49,19:51,19:54,19:58,20:02,20:05,20:08,20:12,20:15,20:18,20:22,20:24,20:27,20:30,20:33,20:35,20:37,20:40,20:43
91014,ADH,12,,,,,,,,,,,,,,20:01,20:05,20:08,20:11,20:15,20:18,20:21,20:25,20:27,20:30,20:33,20:36,20:38,20:40,20:43,20:47
91016,BVI,12,,,,,,,,19:42,,,,,,19:56,,,,20:05,,,20:11,,,,20:18,,,,20:27
91018,VR,12,19:07,19:14,19:19,19:24,19:30,19:35,19:39,19:44,,,,,,19:59,,,,20:08,,,20:14,,,,20:21,,,,20:30
91020,VR,12,19:11,19:18,19:23,19:28,19:34,19:38,19:42,19:47,19:51,19:54,19:57,19:59,20:02,20:08,,,,,,,,,,,,,,,
91022,GMN,12,,,,,,,,,,,19:59,20:02,20:05,20:09,20:13,20:16,20:19,20:24,20:27,20:30,20:34,20:36,20:39,20:42,20:45,20:47,20:49,20:52,20:55
91024,BVI,12,,,,,,,,19:49,19:55,19:58,20:02,20:04,20:07,20:13,20:17,20:20,20:23,20:27,20:30,20:33,20:37,20:39,20:42,20:45,20:48,20:50,20:52,20:55,20:58
91026,BVI,12,,,,,,,,19:52,19:59,20:02,20:05,20:07,20:10,20:16,20:20,20:23,20:26,20:30,20:33,20:36,20:40,20:42,20:45,20:48,20:51,20:53,20:55,20:58,21:01
91028,VR,12,19:14,19:21,19:26,19:31,19:37,19:42,19:46,19:50,,,,,,20:05,,,,20:14,,,20:20,,,,20:27,20:29,20:31,20:34,20:37
92048,VR,15,19:15,19:23,19:29,19:34,19:40,19:45,19:50,19:54,,,,,,20:10,,,,,,,,,,,,,,,
91030,BVI,12,,,,,,,,19:57,20:03,20:06,20:09,20:11,20:14,20:19,20:22,20:25,20:28,20:33,20:36,20:39,20:43,20:45,20:48,20:51,20:54,20:56,20:58,21:01,21:05
91032,VR,12,19:24,19:30,19:35,19:39,19:46,19:51,19:56,20:01,,,,,,20:15,,,,20:24,,,20:30,,,,20:37,20:39,20:41,20:44,20:48
91034,BVI,12,,,,,,,,20:01,20:07,20:10,20:13,20:15,20:18,20:23,20:27,20:30,20:33,20:37,20:40,20:43,20:47,20:49,20:52,20:55,20:58,21:00,21:02,21:05,21:09
91036,GMN,12,,,,,,,,,,,20:16,20:20,20:23,20:27,20:31,20:34,20:37,20:42,20:45,20:48,20:52,20:54,20:57,21:00,21:03,21:05,21:07,21:10,21:13
91038,BSR,12,,,19:38,19:43,19:49,19:54,19:59,20:04,20:10,20:13,20:16,20:18,20:21,20:28,,,,,,,,,,,,,,,
91040,BVI,12,,,,,,,,20:07,,,,,,20:21,,,,20:30,,,20:36,,,,20:43,20:45,20:47,20:50,20:53
91044,BYR,12,,,,,19:52,19:58,20:02,20:08,20:14,20:17,20:20,20:22,20:25,20:30,20:35,20:38,20:41,20:45,20:48,20:51,20:55,20:57,21:00,21:03,21:06,21:08,21:10,21:13,21:17
91046,VR,12,19:32,19:39,19:44,19:49,19:55,20:00,20:04,20:10,,,,,,,,,,,,,,,,,,,,,
91048,VR,12,19:36,,19:45,,19:55,,,20:09,,,,,,20:24,,,,20:33,,,20:41,,,,,,,,
91052,BVI,12,,,,,,,,20:11,20:17,20:20,20:23,20:25,20:28,20:33,20:38,20:41,20:44,20:48,20:51,20:54,20:58,21:00,21:03,21:06,21:09,21:11,21:13,21:16,21:20
91054,VR,12,19:39,19:45,19:50,19:54,20:00,20:05,20:09,20:15,,,,,,,,,,,,,,,,,,,,,
91056,BVI,12,,,,,,,,20:17,20:22,20:25,20:28,20:30,20:33,20:38,20:42,20:45,20:48,20:52,20:55,20:58,21:02,21:04,21:07,21:10,21:13,21:15,21:17,21:20,21:23
91058,VR,12,19:43,19:49,19:54,19:58,20:04,20:09,20:13,20:19,,,,,,20:35,,,,20:44,,,20:50,,,,20:57,20:59,21:01,21:04,21:08
91060,GMN,12,,,,,,,,,,,20:29,20:32,20:35,20:39,20:43,20:46,20:49,20:54,20:57,21:00,21:05,21:07,21:10,21:13,21:16,21:18,21:20,21:23,21:27
91062,BVI,12,,,,,,,,20:20,20:25,20:28,20:31,,20:36,20:41,,,,20:51,,,20:58,,,,21:05,21:07,21:09,21:12,21:16
91064,VR,12,19:48,19:54,19:59,20:03,20:09,20:14,20:18,20:24,,,,,,20:39,,,,,,,,,,,,,,,
91066,BVI,12,,,,,,,,20:23,20:29,20:32,20:35,20:37,20:40,20:44,20:48,20:51,20:54,20:59,21:02,21:05,21:09,21:11,21:14,21:17,21:20,21:22,21:24,21:27,21:30
91068,VR,12,19:53,19:59,20:04,20:08,20:14,20:19,20:23,20:28,,,,,,20:44,,,,20:54,,,21:01,,,,,,,,
91072,BVI,12,,,,,,,,20:30,20:35,20:38,20:41,20:43,20:46,20:50,20:55,20:58,21:01,21:05,21:08,21:11,21:15,21:17,21:20,21:23,21:26,21:28,21:30,21:33,21:36
92050,VR,15,19:55,20:01,20:06,20:10,20:16,20:21,20:25,20:31,,,,,,,,,,,,,,,,,,,,,
91076,VR,12,19:57,20:03,20:08,20:12,20:18,20:23,20:27,20:32,,,,,,20:47,,,,20:57,,,21:03,,,,21:10,21:12,21:14,21:17,21:21
91078,BVI,12,,,,,,,,20:34,20:39,20:42,20:45,20:47,20:50,20:54,20:58,21:01,21:04,21:08,21:11,21:14,21:18,21:20,21:23,21:26,21:29,21:31,21:33,21:36,21:39
91080,GMN,12,,,,,,,,,,,20:46,20:49,20:52,20:56,21:00,21:03,21:06,21:11,21:14,21:17,21:21,21:23,21:26,21:29,21:32,21:34,21:36,21:39,21:42
91082,BYR,12,,,,,20:25,20:31,20:35,20:41,,,,,,20:55,,,,21:04,,,21:09,,,,21:20,21:22,21:24,21:27,21:31
91084,BA,12,,,,,,,,,,,,,,,,,,21:14,21:18,21:21,21:25,21:27,21:30,21:33,21:36,21:38,21:40,21:43,21:46
91086,VR,12,20:07,20:14,20:19,20:23,20:29,20:34,20:39,20:45,,,,,,20:59,,,,21:09,,,21:17,,,,,,,,
91088,BVI,12,,,,,,,,20:41,20:47,20:50,20:53,20:55,20:58,21:03,21:07,21:10,21:13,21:18,21:21,21:24,21:28,21:30,21:33,21:36,21:39,21:41,21:43,21:46,21:49
91090,BYR,12,,,,,20:33,20:38,20:42,20:48,,,,,,21:07,,,,,,,,,,,,,,,
91092,VR,12,20:13,20:19,20:24,20:30,20:36,20:41,20:45,20:50,,,,,,21:04,,,,21:13,,,21:19,,,,21:26,21:28,21:30,21:33,21:36
91094,GMN,12,,,,,,,,,,,20:57,21:00,21:03,21:07,21:11,21:14,21:17,21:22,21:25,21:28,21:33,21:35,21:38,21:41,21:44,21:46,21:48,21:51,21:54
91096,BVI,12,,,,,,,,20:50,20:55,20:58,21:01,,21:06,21:12,,,,21:22,,,21:28,,,,21:35,21:37,21:39,21:42,21:47
91100,BVI,12,,,,,,,,20:52,20:58,21:01,21:04,21:06,21:09,21:15,21:19,21:22,21:25,21:30,21:33,21:36,21:40,21:42,21:45,21:48,21:51,21:53,21:55,21:58,22:01
91102,BVI,12,,,,,,,,20:56,21:02,21:05,21:08,21:10,21:13,21:18,21:22,21:25,21:28,21:32,21:35,21:38,21:42,21:44,21:47,21:50,21:53,21:55,21:57,22:00,22:03
91104,GMN,12,,,,,,,,,,,21:11,21:14,21:17,21:21,21:25,21:28,21:31,21:36,21:39,21:42,21:47,21:49,21:52,21:55,21:58,22:00,22:02,22:05,22:08
91106,VR,12,20:22,20:28,20:33,20:38,20:44,20:49,20:53,20:59,21:04,21:07,21:10,21:12,21:15,21:22,,,,,,,,,,,,,,,
91108,VR,12,20:26,20:32,20:38,20:42,20:48,20:53,20:57,21:02,,,,,,,,,,,,,,,,,,,,,
93032,DRD,12,20:27,,20:35,,20:43,,,20:55,,,,,,21:09,,,,21:18,,,21:24,,,,21:31,21:33,21:35,21:38,21:41
91110,BVI,12,,,,,,,,21:03,21:09,21:12,21:15,21:17,21:20,21:25,21:29,21:32,21:35,21:39,21:42,21:45,21:49,21:51,21:54,21:57,22:00,22:02,22:04,22:07,22:10
91112,BSR,12,,,20:41,20:46,20:52,20:57,21:01,21:06,,,,,,21:21,,,,21:31,,,21:37,,,,21:44,21:46,21:48,21:51,21:54
91114,BVI,12,,,,,,,,21:09,21:15,21:18,21:21,21:23,21:26,21:32,21:35,21:38,21:41,21:46,21:49,21:52,21:56,21:58,22:01,22:04,22:07,22:09,22:11,22:14,22:18
91116,VR,12,20:35,20:41,20:46,20:50,20:56,21:01,21:05,21:10,,,,,,21:24,,,,21:34,,,21:40,,,,21:47,21:49,21:51,21:54,21:57
91118,BVI,12,,,,,,,,21:12,21:18,21:21,21:24,21:26,21:29,21:35,21:39,21:42,21:45,21:50,21:53,21:56,22:00,22:02,22:05,22:08,22:11,22:13,22:15,22:18,22:22
91120,BVI,12,,,,,,,,21:13,,,,,,21:30,,,,21:40,,,21:46,,,,21:53,21:55,21:57,22:00,22:04
91122,BVI,12,,,,,,,,21:16,21:21,21:24,21:27,21:29,21:32,21:38,21:42,21:45,21:48,21:53,21:56,21:59,22:03,22:05,22:08,22:11,22:14,22:16,22:18,22:21,22:25
91124,GMN,12,,,,,,,,,,,21:32,21:35,21:38,21:42,21:46,21:49,21:53,21:59,22:02,22:05,22:09,22:11,22:14,22:17,22:20,22:22,22:24,22:27,22:30
91126,VR,12,20:43,20:49,20:54,20:58,21:04,21:09,21:13,21:19,21:23,21:26,21:29,21:31,21:34,21:41,,,,,,,,,,,,,,,
91128,BVI,12,,,,,,,,21:24,21:29,21:32,21:35,21:37,21:40,21:47,21:51,21:54,21:57,22:02,22:05,22:08,22:12,22:14,22:17,22:20,22:23,22:25,22:27,22:30,22:33
91130,VR,12,20:51,20:58,21:03,21:07,21:13,21:18,21:22,21:27,,,,,,21:42,,,,21:51,,,21:57,,,,22:04,22:06,22:08,22:11,22:14
93034,DRD,12,21:00,,21:09,,21:17,,,21:31,,,,,,21:45,,,,21:54,,,22:00,,,,22:07,22:09,22:11,22:14,22:17
91134,BVI,12,,,,,,,,21:32,21:37,21:40,21:43,21:45,21:48,21:52,21:56,21:59,22:02,22:07,22:10,22:13,22:17,22:19,22:22,22:25,22:28,22:30,22:32,22:35,22:39
91136,VR,12,20:58,21:04,21:09,21:14,21:20,21:26,21:30,21:35,,,,,,21:49,,,,21:58,,,22:04,,,,22:11,22:13,22:15,22:18,22:22
91138,BVI,12,,,,,,,,21:36,21:41,21:44,21:47,21:49,21:52,21:57,22:00,22:03,22:06,22:10,22:13,22:16,22:20,22:22,22:25,22:28,22:31,22:33,22:35,22:38,22:42
92052,BSR,15,,,21:16,21:22,21:28,21:33,21:38,21:43,,,,,,21:59,,,,,,,,,,,,,,,
91140,BVI,12,,,,,,,,21:40,21:45,21:48,21:51,21:53,21:56,22:00,22:03,22:06,22:09,22:13,22:16,22:19,22:23,22:25,22:28,22:31,22:34,22:36,22:38,22:41,22:45
91142,VR,12,21:03,21:09,21:15,21:19,21:25,21:30,21:35,21:39,,,,,,21:55,,,,22:05,,,22:11,,,,22:18,22:20,22:22,22:25,22:29
91144,BVI,12,,,,,,,,21:44,21:49,21:52,21:55,21:57,22:00,22:05,22:09,22:12,22:15,22:20,22:23,22:26,22:30,22:32,22:35,22:38,22:41,22:43,22:45,22:48,22:52
91146,VR,12,21:07,21:14,21:19,21:24,21:30,21:35,21:40,21:46,21:51,21:54,21:57,21:59,22:02,22:08,,,,,,,,,,,,,,,
91148,BVI,12,,,,,,,,21:37,,,,,,21:52,,,,22:02,,,22:08,,,,22:15,22:17,22:19,22:22,22:26
91150,BVI,12,,,,,,,,21:50,21:56,21:59,22:02,22:04,22:07,22:13,22:17,22:20,22:23,22:28,22:31,22:34,22:38,22:40,22:43,22:46,22:49,22:51,22:53,22:56,23:00
91154,VR,12,21:15,21:21,21:26,21:32,21:38,21:43,21:47,21:53,,,,,,,,,,,,,,,,,,,,,
91156,VR,12,21:19,21:25,21:30,21:34,21:40,21:44,21:48,21:53,,,,,,22:07,,,,22:16,,,22:22,,,,22:29,22:31,22:33,22:36,22:41
91162,BVI,12,,,,,,,,21:56,22:01,22:04,22:07,22:09,22:12,22:18,22:22,22:25,22:28,22:33,22:36,22:39,22:43,22:45,22:48,22:51,22:54,22:56,22:58,23:01,23:05
94012,VR,12,21:22,21:28,21:33,21:37,21:43,21:48,21:52,21:57,,,,,,22:11,,,,22:20,,,22:26,,,,22:33,22:35,22:37,22:40,22:45
91164,GMN,12,,,,,,,,,,,22:12,22:15,22:18,22:22,22:26,22:29,22:32,22:37,22:40,22:43,22:48,22:50,22:53,22:56,22:59,23:01,23:03,23:06,23:09
91166,VR,12,21:28,21:34,21:40,21:45,21:51,21:56,22:00,22:04,,,,,,22:20,,,,22:29,,,22:35,,,,22:42,22:44,22:46,22:49,22:52
91168,VR,12,21:33,21:39,21:44,21:48,21:54,21:59,22:03,22:08,22:12,22:15,22:18,,22:23,22:30,,,,22:40,,,22:46,,,,22:53,22:55,22:57,23:00,23:04
91170,BVI,12,,,,,,,,22:10,22:15,22:18,22:21,22:23,22:26,22:32,,,,,,,,,,,,,,,
91172,VR,12,21:37,21:43,21:49,21:54,22:00,22:05,22:10,22:15,22:19,22:22,22:25,,22:30,22:35,,,,22:44,,,22:50,,,,22:57,22:59,23:01,23:04,23:08
91174,BVI,12,,,,,,,,22:14,22:19,22:22,22:25,22:27,22:30,22:35,22:38,22:41,22:44,22:48,22:51,22:54,22:58,23:00,23:03,23:06,23:09,23:11,23:13,23:16,23:20
91176,BVI,12,,,,,,,,22:22,22:27,22:30,22:33,22:35,22:38,22:43,22:46,22:49,22:52,22:56,22:59,23:02,23:06,23:08,23:11,23:14,23:17,23:19,23:21,23:24,23:28
92054,VR,15,21:45,21:51,21:56,22:00,22:06,22:11,22:15,22:22,,,,,,,,,,,,,,,,,,,,,
91178,VR,12,21:48,21:54,21:59,22:03,22:09,22:14,22:18,22:23,,,,,,22:38,,,,22:47,,,22:53,,,,23:00,23:02,23:04,23:07,23:11
91180,VR,12,21:52,21:59,22:04,22:09,22:15,22:20,22:24,22:31,,,,,,,,,,,,,,,,,,,,,
91182,BVI,12,,,,,,,,22:30,22:35,22:38,22:41,22:43,22:46,22:51,22:54,22:57,23:00,23:04,23:07,23:10,23:14,23:16,23:19,23:22,23:25,23:27,23:29,23:32,23:36
91184,VR,12,21:58,22:04,22:09,22:14,22:20,22:25,22:29,22:33,22:38,22:41,22:44,22:46,22:49,22:55,,,,,,,,,,,,,,,
91186,VR,12,22:01,22:07,22:12,22:17,22:22,22:26,22:30,22:35,,,,,,22:49,,,,22:58,,,23:03,,,,23:10,23:12,23:14,23:17,23:20
91188,VR,12,22:03,22:09,22:14,22:18,22:24,22:29,22:33,22:37,22:41,22:44,22:47,,22:52,22:56,,,,23:06,,,23:12,,,,23:19,23:21,23:23,23:26,23:30
91190,BVI,12,,,,,,,,22:38,22:44,22:47,22:50,22:52,22:55,22:59,23:02,23:05,23:08,23:12,23:15,23:18,23:22,23:24,23:27,23:30,23:33,23:35,23:37,23:40,23:43
91192,BVI,12,,,,,,,,22:43,22:49,22:52,22:55,22:57,23:00,23:06,23:10,23:13,23:16,23:20,23:23,23:26,23:30,23:32,23:35,23:38,23:41,23:43,23:45,23:48,23:51
91194,VR,12,22:14,22:20,22:25,22:29,22:35,22:40,22:44,22:49,22:53,22:56,22:59,,23:04,23:10,,,,23:19,,,23:25,,,,23:32,23:34,23:36,23:39,23:43
91196,BVI,12,,,,,,,,22:50,22:57,23:00,23:03,23:05,23:08,23:13,23:16,23:19,23:22,23:26,23:29,23:32,23:35,23:37,23:40,23:43,23:46,23:48,23:50,23:53,23:57
91198,VR,12,22:20,22:26,22:32,22:38,22:44,22:49,22:53,23:00,,,,,,,,,,,,,,,,,,,,,
91200,BVI,12,,,,,,,,22:55,23:01,23:04,23:07,23:09,23:12,23:18,23:22,23:25,23:28,23:33,23:36,23:39,23:43,23:45,23:48,23:51,23:54,23:56,23:58,00:01,00:05
91202,VR,12,22:24,22:30,22:35,22:42,22:48,22:53,22:57,23:03,,,,,,23:18,,,,23:28,,,23:34,,,,23:41,23:43,23:45,23:48,23:52
91206,BYR,12,,,,,22:52,22:57,23:01,23:08,,,,,,,,,,,,,,,,,,,,,
91208,BVI,12,,,,,,,,23:05,23:10,23:13,23:16,23:18,23:21,23:27,23:30,23:33,23:36,23:40,23:43,23:46,23:50,23:52,23:55,23:58,00:01,00:03,00:05,00:08,00:12
91210,VR,12,22:35,22:41,22:46,22:50,22:56,23:01,23:05,23:10,23:14,23:17,23:20,23:22,23:25,23:32,,,,,,,,,,,,,,,
91214,BVI,12,,,,,,,,23:15,23:21,23:24,23:27,23:29,23:32,23:37,23:40,23:43,23:46,23:50,23:53,23:56,00:00,00:02,00:05,00:08,00:11,00:13,00:15,00:18,00:22
91216,VR,12,22:40,22:47,22:52,22:56,23:02,23:07,23:11,23:17,,,,,,23:33,,,,23:42,,,23:48,,,,23:55,23:57,23:59,00:02,00:05
91220,VR,12,22:44,22:51,22:56,23:00,23:06,23:11,23:15,23:21,,,,,,23:37,,,,,,,,,,,,,,,
91222,BVI,12,,,,,,,,23:24,,,,,,23:39,,,,23:48,,,23:54,,,,00:01,00:03,00:05,00:08,00:12
91224,BVI,12,,,,,,,,23:25,23:30,23:33,23:36,23:38,23:41,23:46,23:49,23:52,23:55,23:59,00:02,00:05,00:09,00:11,00:14,00:17,00:20,00:22,00:24,00:27,00:30
91226,BSR,12,,,22:58,23:04,23:10,23:15,23:19,23:25,,,,,,,,,,,,,,,,,,,,,
91228,VR,12,22:50,22:56,23:02,23:07,23:13,23:18,23:22,23:27,,,,,,23:42,,,,23:51,,,23:57,,,,00:04,00:06,00:08,00:11,00:15
91230,VR,12,22:58,23:04,23:09,23:14,23:20,23:25,23:29,23:34,23:38,23:41,23:44,,23:49,23:54,,,,00:04,,,00:10,,,,00:17,00:19,00:21,00:24,00:28
91232,BVI,12,,,,,,,,23:34,23:39,23:42,23:45,23:47,23:50,23:55,23:58,00:01,00:04,00:08,00:11,00:14,00:18,00:20,00:23,00:26,00:29,00:31,00:33,00:36,00:39
91236,VR,12,23:02,23:08,23:13,23:17,23:23,23:28,23:32,23:38,,,,,,,,,,,,,,,,,,,,,
91238,BVI,12,,,,,,,,23:48,23:53,23:56,23:59,00:01,00:04,00:09,00:12,00:15,00:18,00:22,00:25,00:28,00:32,00:34,00:37,00:40,00:43,00:45,00:47,00:50,00:53
91240,VR,12,23:15,23:21,23:26,23:31,23:37,23:42,23:46,23:50,23:54,23:57,00:00,,00:05,00:10,,,,00:19,,,00:25,,,,00:32,00:34,00:36,00:39,00:43
91242,VR,12,23:21,23:27,23:32,23:36,23:42,23:47,23:51,23:56,00:01,00:04,00:07,00:09,00:12,00:18,,,,,,,,,,,,,,,
91246,VR,12,23:35,23:41,23:46,23:50,23:56,00:01,00:05,00:10,00:14,00:17,00:20,,00:25,00:30,,,,00:39,,,00:45,,,,00:52,00:54,00:56,00:59,01:03
91248,BVI,12,,,,,,,,00:18,00:22,00:25,00:28,00:30,00:33,00:38,00:41,00:44,00:47,00:51,00:54,00:57,01:01,01:03,01:06,01:09,01:12,01:14,01:16,01:19,01:23
91250,VR,12,23:47,23:53,23:58,00:02,00:08,00:13,00:17,00:22,00:26,00:29,00:32,00:34,00:37,00:42,,,,,,,,,,,,,,,
91252,BVI,12,,,,,,,,00:30,00:35,00:38,00:41,00:43,00:46,00:50,00:53,00:56,00:59,01:03,01:06,01:09,01:13,01:15,01:18,01:21,01:24,01:26,01:28,01:31,01:35
91254,VR,12,23:57,00:03,00:08,00:12,00:18,00:23,00:27,00:32,,,,,,,,,,,,,,,,,,,,,
91256,VR,12,00:05,00:11,00:16,00:20,00:26,00:31,00:35,00:39,00:43,00:46,00:49,00:51,00:54,01:00,01:03,01:06,01:09,01:13,01:16,01:19,01:23,01:25,01:28,01:31,01:34,01:36,01:38,01:41,01:45
