﻿Route Code,Starting Station,Wagons,CHURCHGATE,Marine Lines,Charni Road,Grant Road,MUMBAI CENTRAL,Mahalakshmi,Lower Parel,Prabhadevi,Dadar,Matunga Road,Mahim Jn,BANDRA,Khar Road,Santa Cruz,Ville Parle,ANDHERI,Jogeshwari,Ram Mandir,Goregaon,Malad,Kandivli,BORIVALI,Dahisar,Mira Road,Bhayandar,Naigaon,Vasai Road,Nalla Sopara,VIRAR
93001,DRD,12 CAR,,,,,,,,,,,,,,,,,,,,,,,,,,,,,05:00
90001,BVI,12 CAR,,,,,,,,,,,,,,,,04:10,04:13,04:16,04:18,04:22,04:25,04:31,,,,,,,
90003,BVI,12 CAR,,,,,,,,,,,,04:05,04:08,04:11,04:14,04:19,04:22,04:25,04:27,04:31,04:34,04:41,,,,,,,
92001,VR,15 CAR,,,,,,,,,,,,,,,,,,,,,,04:42,04:45,04:50,04:55,05:01,05:06,05:11,05:18
90007,VR,12 CAR,,,,,,,,,,,,04:16,04:19,04:22,04:25,04:30,04:33,04:36,04:38,04:42,04:45,04:50,04:55,05:00,05:05,05:11,05:16,05:21,05:28
90009,VR,12 CAR,,,,,,,,,,,,,,,,,,,,,,,,,05:10,05:16,05:21,05:26,05:33
93003,DRD,12 CAR,,,,,,,,,,,,,,,,,,,,,,,,,,,,,05:35
90011,VR,12 CAR,,,,,,,,,,,,,,,,,,,,,,04:56,05:00,05:05,05:10,05:16,05:21,05:26,05:33
90013,VR,12 CAR,,,,,,,,,,,,,,,,,,,,,,05:07,05:11,05:16,05:21,05:27,05:32,05:37,05:45
90015,VR,12 CAR,,,,,,,,,,,,,,,,,,,,,,,,,05:25,05:31,05:36,05:41,05:48
90017,VR,12 CAR,04:15,04:18,04:20,04:23,04:25,04:28,04:31,04:34,04:36,04:38,04:41,04:45,04:48,04:50,04:53,04:58,05:01,05:04,05:06,05:10,05:13,05:18,05:22,05:27,05:32,05:38,05:43,05:48,05:55
90019,BSR,12 CAR,,,,,,,,,,,,,,,,,,,,,,05:21,05:25,05:30,05:35,05:41,05:48,,
90021,BVI,12 CAR,04:19,04:22,04:24,04:27,04:29,04:32,04:35,04:38,04:40,04:42,04:45,04:49,04:52,04:54,04:57,05:02,05:05,05:08,05:10,05:14,05:17,05:23,,,,,,,
90023,BVI,12 CAR,,,,,,,,,,,,04:57,05:00,05:02,05:05,05:10,05:14,05:17,05:19,05:23,05:26,05:33,,,,,,,
90025,BVI,12 CAR,04:38,04:41,04:43,04:46,04:48,04:51,04:54,04:57,04:59,05:01,05:04,05:08,05:11,05:13,05:16,05:22,05:25,05:28,05:30,05:34,05:37,05:44,,,,,,,
90027,VR,12 CAR,04:40,04:43,04:45,04:48,04:50,,,,04:57,,,05:03,,,,05:12,,,,,,05:26,05:30,05:35,05:40,05:45,05:50,05:55,06:01
90029,VR,12 CAR,,,,,,,,,,,,,,,,,,,,,,,,,05:45,05:52,05:57,06:02,06:11
90031,BVI,12 CAR,04:46,04:49,04:51,04:54,04:56,04:59,05:02,05:05,05:07,05:09,05:12,05:16,05:19,05:21,05:24,05:28,05:31,05:34,05:36,05:40,05:43,05:49,,,,,,,
90033,BVI,12 CAR,,,,,,,,,,,,05:20,05:23,05:25,05:28,05:33,05:36,05:39,05:41,05:45,05:48,05:55,,,,,,,
93005,DRD,12 CAR,04:58,05:01,05:03,05:06,05:08,,,,05:15,,,05:22,,,,05:31,,,,,,05:47,,,05:57,,06:05,,06:15
92003,VR,15 CAR,,,,,,,,,05:20,,,05:27,,,,05:36,,,,,,05:50,,,06:01,,06:10,,06:21
90037,BVI,12 CAR,,,,,,05:06,05:09,05:12,05:14,05:16,05:19,05:23,05:26,05:28,05:31,05:36,05:39,05:42,05:44,05:48,05:51,05:59,,,,,,,
90039,BVI,12 CAR,05:00,05:03,05:05,05:08,05:10,05:14,05:17,05:20,05:22,05:24,05:27,05:31,05:34,05:36,05:39,05:44,05:47,05:50,05:52,05:56,05:59,06:06,,,,,,,
90041,VR,12 CAR,05:07,05:10,05:12,05:15,05:17,,,,05:24,,,05:30,,,,05:40,,,,,,05:53,05:57,06:01,06:06,06:12,06:17,06:22,06:29
90043,VR,12 CAR,,,,,,,,,,,,,,,,,,,,,,,,,06:04,06:11,06:16,06:21,06:28
90045,BVI,12 CAR,,,,,,,,,,,,05:35,05:39,05:41,05:44,05:49,05:52,05:55,05:57,06:01,06:04,06:11,,,,,,,
90047,BVI,12 CAR,,,,,,05:20,05:24,05:27,05:30,05:32,05:35,05:39,05:42,05:44,05:47,05:53,05:56,05:59,06:01,06:05,06:08,06:15,,,,,,,
90049,VR,12 CAR,05:15,05:18,05:20,05:23,05:25,,,,05:32,,,05:37,,,,05:45,,,,,,05:58,06:02,06:07,06:12,06:18,06:25,06:30,06:36
90051,BSR,12 CAR,,,,,,,,,,,,,,,,,,,,,,06:03,06:07,06:11,06:16,06:22,06:29,,
90053,GMN,12 CAR,05:15,05:18,05:20,05:23,05:25,05:28,05:31,05:34,05:36,05:38,05:41,05:45,05:48,05:51,05:54,05:59,06:02,06:05,06:10,,,,,,,,,,
90055,VR,12 CAR,,,,,,,,,,,,,,,,,,,,,,06:20,06:25,06:30,06:35,06:41,06:46,06:51,06:58
90057,BVI,12 CAR,05:18,05:21,05:23,05:26,05:28,05:31,05:34,05:37,05:39,05:41,05:44,05:48,05:51,05:53,05:56,06:01,06:04,06:07,06:09,06:13,06:16,06:22,,,,,,,
93007,DRD,12 CAR,05:24,05:27,05:29,05:32,05:34,,,,05:41,,,05:46,,,,05:55,,,,,,06:09,,,06:23,,06:34,,06:45
90059,BVI,12 CAR,,,,,,05:35,05:38,05:41,05:43,05:45,05:48,05:52,05:55,05:57,06:00,06:05,06:08,06:11,06:13,06:17,06:20,06:26,,,,,,,
90061,VR,12 CAR,,,,,,,,,,,,05:56,05:59,06:01,06:04,06:09,06:12,06:15,06:17,06:21,06:24,06:30,06:34,06:39,06:44,06:50,06:55,07:01,07:08
90063,VR,12 CAR,05:28,05:31,05:33,05:36,05:38,,,,05:45,,,05:50,,,,05:59,,,,,,06:13,06:16,06:21,06:26,06:32,06:37,06:42,06:49
90065,BVI,12 CAR,05:28,05:31,05:33,05:36,05:38,05:41,05:44,05:47,05:49,05:52,05:55,05:59,06:02,06:04,06:07,06:12,06:15,06:18,06:20,06:24,06:27,06:33,,,,,,,
90067,VR,12 CAR,05:32,05:35,05:37,05:40,05:42,,,,05:49,,,05:55,,,,06:03,,,,,,06:17,06:20,06:25,06:30,06:36,06:41,06:46,06:52
90069,BVI,12 CAR,,,,,,05:45,05:48,05:51,05:53,05:55,05:58,06:02,06:05,06:07,06:10,06:15,06:18,06:21,06:23,06:27,06:30,06:36,,,,,,,
90071,VR,12 CAR,,,,,,,,,,,,,,,,,,,,,,06:36,06:40,06:45,06:49,06:55,06:59,07:04,07:10
90073,BVI,12 CAR,05:38,05:41,05:43,05:46,05:48,05:51,05:54,05:57,05:59,06:01,06:04,06:08,06:11,06:13,06:16,06:21,06:24,06:27,06:29,06:33,06:36,06:42,,,,,,,
90075,BVI,12 CAR,,,,,,,,,,,,06:11,06:14,06:16,06:19,06:24,06:27,06:30,06:32,06:36,06:39,06:45,,,,,,,
90077,BVI,12 CAR,05:45,05:48,05:50,05:53,05:55,05:58,06:01,06:04,06:06,06:08,06:11,06:15,06:18,06:20,06:23,06:28,06:31,06:34,06:36,06:40,06:43,06:50,,,,,,,
90079,BSR,12 CAR,05:52,05:55,05:57,06:00,06:02,,,,06:09,,,06:14,,,,06:22,,,,,,06:40,06:44,06:49,06:54,07:00,07:06,,
90081,VR,12 CAR,,,,,,,,,,,,,,,,,,,,,,06:50,06:53,06:58,07:03,07:09,07:14,07:19,07:25
90083,BVI,12 CAR,,,,,,,,,,,,06:20,06:24,06:26,06:29,06:34,06:37,06:40,06:42,06:46,06:49,06:55,,,,,,,
90085,BVI,12 CAR,05:56,05:59,06:01,06:04,06:06,06:09,06:12,06:15,06:17,06:19,06:22,06:26,06:29,06:31,06:34,06:39,06:42,06:45,06:47,06:51,06:54,07:01,,,,,,,
90087,VR,12 CAR,05:58,06:01,06:03,06:06,06:08,,,,06:15,,,06:20,,,,06:28,,,,,,06:45,06:49,06:54,06:59,07:05,07:11,07:16,07:22
90089,VR,12 CAR,,,,,,,,,,,,,,,,,,,,,,07:02,07:07,07:11,07:16,07:22,07:27,07:32,07:38
90091,GMN,12 CAR,05:59,06:02,06:04,06:07,06:09,06:12,06:15,06:18,06:20,06:22,06:25,06:29,06:32,06:34,06:37,06:42,06:45,06:48,06:53,,,,,,,,,,
90093,VR,12 CAR,,,,,,,,,,,,,,,,,,,,,,,,,07:19,07:26,07:31,07:36,07:42
90095,BVI,12 CAR,06:03,06:06,06:08,06:11,06:13,06:16,06:19,06:22,06:24,06:26,06:29,06:33,06:36,06:38,06:41,06:46,06:49,06:52,06:54,06:58,07:01,07:08,,,,,,,
90097,VR,12 CAR,06:08,06:11,06:13,06:16,06:18,,,,06:25,,,06:30,,,,06:38,,,,,,06:52,,,07:02,,07:10,,07:20
90101,BVI,12 CAR,06:11,06:14,06:16,06:19,06:21,06:24,06:27,06:30,06:32,06:34,06:37,06:41,06:44,06:46,06:49,06:54,06:57,07:00,07:02,07:06,07:09,07:16,,,,,,,
90103,BVI,12 CAR,06:12,06:15,06:17,06:20,06:22,,,,06:29,,,06:34,,,,06:42,06:46,,06:51,06:55,06:58,07:05,,,,,,,
90105,BVI,12 CAR,06:14,06:17,06:19,06:22,06:24,06:27,06:30,06:33,06:35,06:37,06:40,06:44,06:47,06:49,06:52,06:57,07:00,07:03,07:05,07:09,07:12,07:19,,,,,,,
90107,ADH,12 CAR,06:17,06:20,06:22,06:25,06:27,06:30,06:33,06:36,06:38,06:40,06:43,06:47,06:50,06:52,06:55,07:02,,,,,,,,,,,,,
90109,VR,12 CAR,06:15,06:18,06:20,06:23,06:25,,,,06:32,,,06:37,,,,06:46,,,,,,06:58,07:03,07:07,07:12,07:18,07:23,07:28,07:35
92005,BSR,15 CAR,06:25,,,,06:35,,,,06:44,,,06:49,,,,06:57,,,,,,07:14,,,,,07:35,,
90111,VR,12 CAR,,,,,,,,,,,,,,,,07:00,,,,,,07:18,,,07:30,,07:38,,07:48
90113,BVI,12 CAR,,,,,,06:35,06:38,06:41,06:43,06:45,06:48,06:52,06:55,06:57,07:00,07:06,07:09,07:12,07:14,07:18,07:21,07:28,,,,,,,
90115,BVI,12 CAR,06:26,06:29,06:31,06:34,06:36,06:39,06:42,06:45,06:47,06:49,06:52,06:56,06:59,07:01,07:04,07:09,07:12,07:15,07:17,07:21,07:24,07:30,,,,,,,
90117,VR,12 CAR,,,,,,,,,,,,06:58,07:02,07:04,07:07,07:12,07:15,07:18,07:20,07:24,07:27,07:33,07:37,07:42,07:47,07:53,07:58,08:04,08:13
90119,BVI,12 CAR,06:28,06:31,06:33,06:36,06:38,,,,06:47,,,06:52,,,,07:00,07:04,,07:09,07:13,07:16,07:23,,,,,,,
90123,BVI,12 CAR,06:32,06:35,06:37,06:40,06:42,06:45,06:48,06:51,06:53,06:55,06:58,07:02,07:05,07:07,07:10,07:15,07:18,07:21,07:23,07:27,07:30,07:36,,,,,,,
92007,VR,15 CAR,06:33,,,,06:42,,,,06:50,,,06:55,,,,07:04,,,,,,07:21,07:25,07:30,07:35,07:41,07:46,07:51,07:57
90125,BVI,12 CAR,06:35,06:38,06:40,06:43,06:45,06:48,06:51,06:54,06:56,06:58,07:01,07:05,07:08,07:11,07:14,07:19,07:22,07:25,07:27,07:31,07:34,07:40,,,,,,,
90127,VR,12 CAR,06:37,06:40,06:42,06:45,06:47,,,,06:54,,,06:59,,,,07:08,,,,,,07:24,07:29,07:34,07:39,07:45,07:50,07:56,08:02
90129,GMN,12 CAR,06:38,06:41,06:43,06:46,06:48,06:51,06:54,06:57,06:59,07:01,07:04,07:10,07:13,07:15,07:18,07:23,07:27,07:30,07:34,,,,,,,,,,
94001,BVI,12 CAR,,,,,,06:56,06:59,07:02,07:04,07:06,07:09,07:13,07:16,07:19,07:22,07:27,07:30,07:33,07:35,07:39,07:42,07:49,,,,,,,
90133,BVI,12 CAR,06:47,06:50,06:52,06:55,06:57,,,,07:04,,,07:10,,,,07:22,07:25,,07:30,07:34,07:37,07:43,,,,,,,
90135,ADH,12 CAR,06:48,06:51,06:53,06:56,06:58,07:01,07:04,07:07,07:09,07:11,07:14,07:18,07:21,07:23,07:26,07:33,,,,,,,,,,,,,
90137,BVI,12 CAR,06:51,06:54,06:56,06:59,07:01,07:04,07:07,07:10,07:12,07:14,07:17,07:21,07:24,07:26,07:29,07:35,07:38,07:41,07:43,07:47,07:50,07:57,,,,,,,
90139,VR,12 CAR,06:53,06:56,06:58,07:01,07:03,,,,07:10,,,07:15,,,,07:24,,,,,,07:38,07:42,07:47,07:52,07:58,08:03,08:09,08:17
90141,BSR,12 CAR,,,,,,,,,,,,,,,,,,,,,,07:39,,,,,08:06,,
90143,BVI,12 CAR,06:55,06:58,07:00,07:03,07:05,07:08,07:11,07:14,07:16,07:18,07:21,07:25,07:28,07:30,07:33,07:39,07:42,07:45,07:47,07:51,07:54,08:00,,,,,,,
92009,VR,15 CAR,06:59,,,,07:08,,,,07:15,,,07:20,,,,07:28,,,,,,07:43,07:47,07:52,07:57,08:03,08:08,08:13,08:21
90147,BYR,12 CAR,,,,,,,,,,,,,,,,,,,,,,07:42,07:47,07:52,07:59,,,,
90151,VR,12 CAR,07:03,07:06,07:08,07:11,07:13,,,,07:20,,,07:25,,,,07:33,,,,,,07:47,07:51,07:56,08:01,08:07,08:12,08:18,08:25
93009,DRD,12 CAR,,,,,,,,,,,,,,,,07:38,,,,,,07:53,,,08:06,,08:17,,08:29
90153,VR,12 CAR,,,,,,,,,,,,07:30,07:33,07:35,07:38,07:43,07:47,07:50,07:52,07:56,07:59,08:05,08:09,08:14,08:19,08:25,08:30,08:35,08:41
90155,BVI,12 CAR,07:05,07:08,07:10,07:13,07:15,07:18,07:21,07:24,07:26,07:29,07:32,07:36,07:39,07:41,07:44,07:49,07:53,07:56,07:58,08:02,08:05,08:11,,,,,,,
90157,BVI,12 CAR,07:08,07:11,07:13,07:16,07:18,07:21,07:24,07:27,07:29,07:32,07:35,07:39,07:42,07:44,07:47,07:54,07:57,08:00,08:02,08:06,08:09,08:15,,,,,,,
90159,VR,12 CAR,,,,,,,,,07:28,,,07:34,,,,07:42,,,,,,07:57,08:01,08:06,08:11,08:17,08:22,08:27,08:34
90161,BSR,,,,,,,,,,,,,,,,,,,,,,,07:57,,,,,08:26,,
90163,GMN,12 CAR,07:11,07:14,07:16,07:19,07:21,07:24,07:27,07:30,07:32,07:35,07:38,07:42,07:46,07:48,07:51,07:56,07:59,08:02,08:05,,,,,,,,,,
90165,VR,12 CAR,07:14,07:17,07:19,07:22,07:24,,,,07:32,,,07:38,,,,07:46,,,,,,08:01,,,08:15,,08:27,,08:38
90167,ADH,12 CAR,07:15,07:18,07:20,07:23,07:25,07:28,07:31,07:34,07:36,07:39,07:42,07:46,07:49,07:51,07:54,07:59,,,,,,,,,,,,,
90169,VR,12 CAR,,,,,,,,,,,,,,,,,,,,,,,,,08:23,08:29,08:34,08:39,08:46
90171,BVI,12 CAR,07:18,07:21,07:23,07:26,07:28,07:31,07:34,07:37,07:39,07:42,07:45,07:49,07:52,07:54,07:57,08:01,08:04,08:07,08:09,08:13,08:16,08:22,,,,,,,
90173,BVI,12 CAR,07:21,07:24,07:26,07:29,07:31,07:34,07:37,07:40,07:42,07:45,07:48,07:52,07:55,07:57,08:00,08:05,08:08,08:11,08:13,08:17,08:20,08:25,,,,,,,
90175,BVI,12 CAR,,,,,,,,,,,,07:54,07:58,08:00,08:03,08:08,08:11,08:14,08:16,08:20,08:23,08:30,,,,,,,
90177,VR,12 CAR,07:25,07:28,07:30,07:33,07:35,,,,07:43,,,07:50,,,,07:58,,,,,,08:14,08:18,08:23,08:28,08:34,08:39,08:45,08:56
90179,BVI,12 CAR,,,,,,07:38,07:41,07:44,07:46,07:49,07:52,07:57,08:01,08:03,08:06,08:11,08:14,08:17,08:19,08:23,08:26,08:33,,,,,,,
90181,GMN,12 CAR,07:27,07:30,07:32,07:35,07:37,07:41,07:44,07:47,07:49,07:52,07:55,08:00,08:03,08:05,08:08,08:12,08:16,08:19,08:23,,,,,,,,,,
90183,GMN,12 CAR,07:30,,,,07:39,,,,07:46,,,07:52,,,,,,,08:07,,,,,,,,,,
90185,BVI,12 CAR,07:30,07:33,07:35,07:38,07:40,07:44,07:47,07:50,07:52,07:54,07:57,08:01,08:04,08:06,08:09,08:14,08:17,08:20,08:22,08:26,08:29,08:36,,,,,,,
90187,VR,12 CAR,,,,,,,,,07:49,,,07:56,,,,08:04,,,,,,08:18,08:22,08:27,08:32,08:38,08:43,08:48,08:55
90189,BSR,12 CAR,,,,,,,,,,,,,,,,08:16,08:20,08:23,08:25,08:29,08:32,08:39,08:43,08:48,08:53,08:59,09:03,,
90191,BA,12 CAR,07:33,07:36,07:38,07:41,07:43,07:47,07:50,07:53,07:55,07:57,08:00,08:05,,,,,,,,,,,,,,,,,
90193,VR,12 CAR,07:36,07:39,07:41,07:44,07:46,,,,07:53,,,07:59,,,,08:07,,,,,,08:22,08:26,08:31,08:36,08:42,08:47,08:53,09:00
90195,BYR,12 CAR,,,,,,,,,,,,,,,,,,,,,,08:27,,,08:41,,,,
90197,VR,12 CAR,,,,,,,,,,,,,,,,,,,,,,08:30,08:34,08:39,08:44,08:50,08:55,09:00,09:06
90199,VR,12 CAR,07:36,07:39,07:41,07:44,07:46,07:50,07:53,07:56,07:58,08:00,08:03,08:07,08:11,08:13,08:16,08:21,08:24,08:27,08:29,08:33,08:36,08:42,08:47,08:52,08:57,09:03,09:07,09:12,09:18
93011,DRD,12 CAR,,,,,,,,,,,,,,,,,,,,,,,,,,,,,09:10
90201,GMN,12 CAR,07:39,07:42,07:44,07:47,07:49,07:53,07:56,07:59,08:01,08:03,08:06,08:10,08:13,08:15,08:18,08:23,08:27,08:30,08:33,,,,,,,,,,
90203,BVI,12 CAR,07:42,07:45,07:47,07:50,07:52,07:56,07:59,08:02,08:04,08:06,08:09,08:13,08:16,08:18,08:21,08:26,08:29,08:32,08:34,08:38,08:41,08:47,,,,,,,
90205,VR,12 CAR,07:45,07:48,07:50,07:53,07:55,,,,08:02,,,08:08,,,,08:18,,,,,,08:33,08:38,08:43,08:48,08:54,08:59,09:04,09:10
90207,ADH,12 CAR,07:45,07:48,07:50,07:53,07:55,07:59,08:02,08:05,08:07,08:09,08:12,08:16,08:19,08:21,08:24,08:29,,,,,,,,,,,,,
90209,BVI,12 CAR,07:48,07:51,07:53,07:56,07:58,08:02,08:05,08:08,08:10,08:12,08:15,08:19,08:23,08:25,08:28,08:33,08:36,08:39,08:41,08:45,08:48,08:54,,,,,,,
90211,BVI,12 CAR,07:50,,,,07:59,,,,08:06,,,08:12,,,,08:21,,,,,,08:38,,,,,,,
90213,GMN,12 CAR,07:51,07:54,07:56,07:59,08:01,08:05,08:08,08:11,08:13,08:15,08:18,08:22,08:25,08:27,08:30,08:35,08:39,08:42,08:46,,,,,,,,,,
90215,ADH,12 CAR,07:54,07:57,07:59,08:02,08:04,08:08,08:11,08:14,08:16,08:18,08:21,08:25,08:28,08:30,08:33,08:39,,,,,,,,,,,,,
90217,VR,12 CAR,07:55,07:58,08:00,08:03,08:05,,,,08:12,,,08:17,,,,08:25,,,,,,08:40,08:43,08:48,08:53,08:59,09:04,09:09,09:15
90221,BVI,12 CAR,07:57,08:00,08:02,08:05,08:07,08:11,08:14,08:17,08:19,08:21,08:24,08:28,08:31,08:33,08:36,08:41,08:44,08:47,08:49,08:53,08:56,09:02,,,,,,,
92011,VR,15 CAR,,,,,,,,,,,,,,,,08:27,,,,,,08:43,08:48,08:53,08:58,09:04,09:09,09:14,09:22
90223,BVI,12 CAR,08:01,08:04,08:06,08:09,08:11,08:14,08:17,08:20,08:22,08:24,08:27,08:31,08:34,08:36,08:39,08:45,08:48,08:51,08:53,08:57,09:00,09:06,,,,,,,
90225,VR,12 CAR,,,,,,,,,08:18,,,08:24,,,,08:32,,,,,,08:47,08:51,08:56,09:01,09:07,09:13,09:18,09:24
90227,BYR,12 CAR,,,,,,,,,,,,,,,,,,,,,,09:08,09:12,09:17,09:24,,,,
90229,BVI,12 CAR,08:04,08:07,08:09,08:12,08:14,08:17,08:20,08:23,08:25,08:27,08:30,08:34,08:37,08:39,08:42,08:48,08:51,08:54,08:56,09:00,09:03,09:09,,,,,,,
92013,VR,15 CAR,08:05,,,,08:13,,,,08:21,,,08:27,,,,08:36,,,,,,08:51,08:55,09:00,09:05,09:11,09:16,09:21,09:29
90231,ADH,12 CAR,08:07,08:10,08:12,08:15,08:17,08:20,08:23,08:26,08:28,08:30,08:33,08:37,08:41,08:43,08:46,08:51,,,,,,,,,,,,,
90235,BVI,12 CAR,08:08,,,,08:16,,,,08:24,,,08:30,,,,08:39,,,,,,08:55,,,,,,,
90237,GMN,12 CAR,08:11,,,,08:19,,,,08:27,,,08:33,,,,,,,08:51,,,,,,,,,,
90239,VR,12 CAR,,,,,,,,,08:29,,,08:37,,,,08:45,,,,,,08:59,,,09:09,,09:20,,09:34
90241,VR,12 CAR,,,,,,,,,,,,,,,,08:52,,,,,,09:09,,,09:20,,09:30,,09:41
90243,BSR,12 CAR,,,,,,,,,,,,08:40,08:45,08:47,08:50,08:56,09:00,09:03,09:05,09:09,09:12,09:17,09:21,09:26,09:31,09:37,09:42,,
90245,BVI,12 CAR,08:14,08:17,08:19,08:22,08:24,08:27,08:30,08:33,08:35,08:37,08:40,08:44,08:48,08:50,08:53,08:59,09:03,09:06,09:08,09:12,09:15,09:22,,,,,,,
90247,GMN,12 CAR,08:17,08:20,08:22,08:25,08:27,08:30,08:33,08:36,08:38,08:40,08:43,08:47,08:50,08:53,08:56,09:01,09:05,09:08,09:12,,,,,,,,,,
90249,VR,12 CAR,08:23,08:26,08:28,08:31,08:33,,,,08:40,,,08:46,,,,08:55,,,,,,09:12,09:15,09:20,09:25,09:31,09:36,09:41,09:47
90251,BVI,12 CAR,08:23,08:26,08:28,08:31,08:33,08:36,08:39,08:42,08:44,08:46,08:49,08:53,08:56,08:58,09:01,09:06,09:09,09:12,09:14,09:18,09:21,09:28,,,,,,,
90253,VR,12 CAR,08:27,08:30,08:32,08:35,08:37,,,,08:44,,,08:49,,,,08:58,,,,,,09:15,09:19,09:24,09:29,09:35,09:40,09:45,09:51
90255,GMN,12 CAR,08:29,08:32,08:34,08:37,08:39,08:42,08:45,08:48,08:50,08:53,08:56,09:00,09:04,09:07,09:10,09:15,09:19,09:22,09:26,,,,,,,,,,
90257,BVI,12 CAR,08:32,,,,08:40,,,,08:47,,,08:52,,,,09:01,,,,,,09:17,,,,,,,
90259,VR,12 CAR,08:35,,,,08:43,,,,08:50,,,08:55,,,,09:05,,,,,,09:20,09:23,09:28,09:33,09:39,09:44,09:49,09:56
90261,,,,,,,,,,,,,,,,,,09:17,09:21,09:24,09:26,09:30,09:33,09:38,09:43,09:48,09:53,09:59,10:04,10:09,10:17
90263,,,08:35,08:38,08:40,08:43,08:45,08:48,08:51,08:54,08:56,08:58,09:01,09:05,09:08,09:11,09:14,09:20,09:24,09:27,09:29,09:33,09:36,09:41,,,,,,,
90265,,,08:38,,,,08:46,,,,08:53,,,08:58,,,,09:08,,,,,,09:23,,,09:37,,,,
90267,,,,,,,,,,,,,,,,,,,,,,,,09:30,09:34,09:39,09:44,09:50,09:55,10:00,10:07
90269,,,08:39,08:42,08:44,08:47,08:49,08:52,08:55,08:58,09:00,09:02,09:05,09:09,09:12,09:15,09:18,09:24,09:28,09:31,09:33,09:37,09:40,09:47,,,,,,,
90271,,,08:41,,,,08:49,,,,08:56,,,09:01,,,,09:11,,,,,,09:26,09:30,09:35,09:40,09:46,09:51,09:56,10:03
90273,,,08:44,,,,08:52,,,,08:59,,,09:04,,,,09:14,,,,,,09:30,,,,,,,
90275,,,,,,,,,,,,,,,,,,09:29,09:33,09:36,09:38,09:42,09:45,09:50,09:55,10:00,10:06,10:12,10:17,10:24,
90277,,,08:47,,,,08:55,,,,09:02,,,09:07,,,,,,,09:24,,,,,,,,,,
90279,,,08:47,08:50,08:52,08:55,08:57,09:00,09:03,09:06,09:08,09:10,09:13,09:17,09:20,09:23,09:26,09:32,09:36,09:39,09:41,09:45,09:48,09:55,,,,,,,
90281,,,08:50,08:53,08:55,08:58,09:00,09:03,09:06,09:09,09:11,09:13,09:16,09:20,09:23,09:26,09:29,09:34,,,,,,,,,,,,,
90283,,,08:53,08:56,08:58,09:01,09:03,09:06,09:09,09:12,09:14,09:16,09:19,09:23,09:26,09:29,09:32,09:37,09:41,09:44,09:46,09:50,09:53,10:00,,,,,,,
94003,,,08:53,,,,09:03,,,,09:10,,,09:15,,,,09:23,,,,,,09:37,09:41,09:46,09:50,09:56,10:01,10:06,10:12
90287,,,08:56,08:59,09:01,09:04,09:06,09:09,09:12,09:15,09:17,09:19,09:22,09:26,09:29,09:32,09:35,09:41,09:45,09:48,09:52,,,,,,,,,,
93013,,,08:56,,,,09:06,,,,09:13,,,09:18,,,,09:26,,,,,,09:40,,,09:54,,10:05,,10:15
90291,,,09:00,,,,09:09,,,,09:16,,,09:21,,,,09:30,,,,,,09:44,,,,,,,
90293,,,,,,,,,,,,,,,,,,,,,,,,09:46,09:51,09:56,10:03,,,,
90295,,,09:00,09:03,09:05,09:08,09:10,09:13,09:16,09:19,09:21,09:23,09:26,09:30,09:33,09:36,09:39,09:45,,,,,,,,,,,,,
90297,,,09:04,,,,09:12,,,,09:19,,,09:24,,,,09:33,,,,,,09:47,09:50,09:55,10:00,10:06,10:11,10:17,10:24
90299,,,09:04,09:07,09:09,09:12,09:14,09:17,09:20,09:23,09:25,09:27,09:30,09:34,09:37,09:40,09:43,09:47,09:50,09:53,09:55,09:59,10:02,10:08,,,,,,,
90301,,,,,,,,,,,,,,,,,,,,,,,,10:02,10:07,10:12,10:17,10:23,10:28,10:33,
90303,,,,,,,,,,,,,,,,,,,,,,,,10:08,10:13,10:18,10:23,10:29,10:34,10:39,10:47
90305,,,09:07,09:10,09:12,09:15,09:17,09:20,09:23,09:26,09:28,09:30,09:33,09:38,,,,,,,,,,,,,,,,,
90307,,,09:07,,,,09:15,,,,09:22,,,09:27,,,,09:36,,,,,,09:50,09:54,09:59,10:04,10:10,10:15,10:21,10:29
90309,,,09:10,09:13,09:15,09:18,09:20,,,,09:27,,,09:32,,,,09:40,,,,,,09:54,09:58,10:03,10:08,10:14,10:19,10:25,10:33
90311,,,09:11,09:14,09:16,09:19,09:21,09:24,09:27,09:30,09:32,09:34,09:37,09:41,09:44,09:47,09:50,09:54,09:57,10:00,10:02,10:06,10:09,10:16,,,,,,,
90313,,,09:14,,,,09:23,,,,09:30,,,09:35,,,,,,,09:51,,,,,,,,,,
90315,,,09:14,09:17,09:19,09:22,09:24,09:27,09:30,09:33,09:35,09:37,09:40,09:44,09:47,09:50,09:53,09:57,10:01,10:04,10:07,,,,,,,,,,
90317,,,,,,,,,,,,,,,,,,,,,,,,10:19,10:23,10:28,10:33,10:39,10:44,,
90319,,,09:17,,,,09:26,,,,09:33,,,09:38,,,,09:47,,,,,,10:02,,,,,,,
90321,,,,,,,,,,,,,,,,,,09:59,10:04,10:07,10:09,10:13,10:16,10:23,10:27,10:32,10:37,10:43,10:48,10:53,11:01
90323,,,09:19,09:22,09:24,09:27,09:29,09:32,09:35,09:38,09:40,09:42,09:45,09:49,09:53,09:56,09:59,10:03,10:07,10:10,10:13,,,,,,,,,,
90325,,,09:22,09:25,09:27,09:30,09:32,09:35,09:38,09:41,09:43,09:45,09:48,09:52,09:55,09:58,10:01,10:06,10:09,10:12,10:14,10:18,10:21,10:27,,,,,,,
90327,,,09:24,,,,09:32,,,,09:39,,,09:44,,,,09:52,,,,,,10:07,,,,,,,
90329,,,09:25,09:28,09:30,09:33,09:35,09:38,09:41,09:44,09:46,09:48,09:51,09:55,09:58,10:01,10:04,10:10,,,,,,,,,,,,,
90331,,,09:27,,,,09:35,,,,09:42,,,09:47,,,,09:55,,,,,,10:10,10:15,10:20,10:25,10:31,10:36,10:41,10:48
90333,,,09:28,09:31,09:33,09:36,09:38,09:41,09:44,09:47,09:49,09:51,09:54,09:58,10:01,10:03,10:06,10:12,10:15,10:18,10:20,10:24,10:27,10:33,,,,,,,
90335,,,09:30,,,,09:38,,,,09:45,,,09:50,,,,09:59,,,,,,10:15,,,,,,,
90339,,,09:31,09:34,09:36,09:39,09:41,09:44,09:47,09:50,09:52,09:54,09:57,10:01,10:04,10:06,10:09,10:14,10:18,10:21,10:25,,,,,,,,,,
90343,,,09:33,09:36,09:38,09:41,09:43,,,,09:50,,,09:55,,,,10:04,,,,,,10:18,10:22,10:27,10:32,10:38,10:43,10:48,10:55
92015,,,,,,,,,,,09:50,,,09:59,,,,10:07,,,,,,10:21,10:26,10:31,10:36,10:42,10:47,10:52,11:00
90345,,,09:34,09:37,09:39,09:42,09:44,09:47,09:50,09:53,09:55,09:57,10:00,10:04,10:07,10:09,10:12,10:17,10:20,10:23,10:25,10:29,10:32,10:39,,,,,,,
92017,,,09:37,,,,09:46,,,,09:54,,,10:02,,,,10:10,,,,,,10:26,,,,,,,
90349,,,09:38,09:41,09:43,09:46,09:48,09:51,09:54,09:57,09:59,10:01,10:04,10:08,10:11,10:13,10:16,10:22,,,,,,,,,,,,,
93015,,,,,,,,,,,,,,,,,,,,,,,,10:31,,,10:43,,10:53,,11:05
90351,,,09:41,09:44,09:46,09:49,09:51,09:54,09:57,10:00,10:02,10:04,10:07,10:11,10:14,10:16,10:19,10:24,10:27,10:30,10:32,10:36,10:39,10:46,,,,,,,
90353,,,09:43,,,,09:51,,,,09:58,,,10:04,,,,10:14,,,,,,10:30,,,,,,,
90355,,,09:44,09:47,09:49,09:52,09:54,09:57,10:00,10:03,10:05,10:07,10:10,10:14,10:17,10:20,10:23,10:28,10:31,10:34,10:36,10:40,10:43,10:49,,,,,,,
90357,,,09:47,09:50,09:52,09:55,09:57,10:00,10:03,10:06,10:09,10:11,10:14,10:19,10:23,10:25,10:28,10:33,10:37,10:40,10:43,,,,,,,,,,
90359,,,09:48,,,,09:56,,,,10:03,,,10:08,,,,10:18,,,,,,10:32,10:37,10:42,10:49,,,,
90361,,,09:50,09:53,09:55,09:58,10:00,10:03,10:06,10:09,10:12,10:14,10:17,10:22,10:26,10:28,10:31,10:36,10:39,10:42,10:44,10:48,10:51,10:57,,,,,,,
90365,,,09:52,,,,10:00,,,,10:07,,,10:13,,,,10:22,,,,,,10:37,10:41,10:46,10:51,10:57,11:02,11:08,11:15
90369,,,09:56,,,,10:04,,,,10:11,,,10:16,,,,10:25,,,,,,10:42,,,,,,,
90371,,,09:56,09:59,10:01,10:04,10:06,10:09,10:12,10:15,10:18,10:20,10:23,10:27,10:30,10:33,10:36,10:41,,,,,,,,,,,,,
90375,,,,,,,,,,,10:13,,,10:20,,,,10:29,,,,,,10:44,10:48,10:53,10:58,11:04,11:09,11:14,11:21
90377,,,10:00,10:03,10:05,10:08,10:10,10:13,10:16,10:19,10:21,10:23,10:26,10:30,10:33,10:36,10:39,10:44,10:47,10:50,10:52,10:56,10:59,11:05,,,,,,,
93017,,,10:03,10:06,10:08,10:11,10:13,,,,10:20,,,10:25,,,,10:33,,,,,,10:47,,,11:01,,11:13,,11:25
92019,,,,,,,,,,,,,,,,,,10:37,,,,,,10:51,10:55,11:00,11:05,11:11,11:16,11:21,11:28
90381,,,,,,,,,,,,,,,,,,,,,,,,11:00,11:04,11:09,11:14,11:20,11:25,11:30,
90385,,,10:03,10:06,10:08,10:11,10:13,10:16,10:19,10:22,10:24,10:26,10:29,10:33,10:36,10:39,10:42,10:48,10:52,10:55,10:57,11:01,11:04,11:10,,,,,,,
90387,,,10:06,10:09,10:11,10:14,10:16,10:19,10:22,10:25,10:27,10:29,10:32,10:36,10:39,10:42,10:45,10:51,,,,,,,,,,,,,
90389,,,10:08,,,,10:16,,,,10:23,,,10:28,,,,10:41,,,,,,10:55,,,,,,,
90391,,,10:10,10:13,10:15,10:18,10:20,10:23,10:26,10:29,10:31,10:33,10:36,10:40,10:43,10:45,10:48,10:54,10:57,11:00,11:02,11:06,11:09,11:15,,,,,,,
90393,,,10:11,,,,10:19,,,,10:26,,,10:32,,,,10:44,,,,10:54,,,,,,,,,
90395,,,,,,,,,,,10:29,,,10:36,,,,10:47,,,,,,11:02,,,11:13,,11:22,11:27,11:33
90397,,,,,,,,,,,,,,,,,,10:50,,,,,,11:05,,,11:17,,11:28,11:33,11:39
90399,,,10:13,10:16,10:18,10:21,10:23,10:26,10:29,10:32,10:34,10:36,10:39,10:43,10:46,10:48,10:51,10:57,11:00,11:03,11:05,11:09,11:12,11:19,,,,,,,
90401,,,10:17,,,,10:27,,,,10:34,,,10:40,,,,10:53,,,,,,11:08,11:11,11:16,11:21,11:27,11:32,11:38,11:46
90403,,,10:17,10:20,10:22,10:25,10:27,10:30,10:33,10:36,10:38,10:40,10:43,10:47,00:01,00:04,00:07,00:12,00:15,00:18,00:21,,,,,,,,,,
90407,,,10:24,,,,10:34,,,,10:41,,,10:47,,,,10:56,,,,,,11:13,,,,,,,
90409,,,,,,,,,,,,,,,,,,,,,,,,11:17,11:21,11:26,11:31,11:37,11:43,11:48,11:55
90411,,,,,,,,,,,,,,,,,,11:05,11:09,11:12,11:14,11:18,11:21,11:27,11:30,11:35,11:40,11:46,11:51,11:56,12:02
90415,,,10:24,10:27,10:29,10:32,10:34,10:37,10:40,10:43,10:45,10:47,10:50,10:54,10:57,11:00,11:03,11:09,11:12,11:15,11:17,11:21,11:24,11:31,,,,,,,
90417,,,10:27,10:30,10:32,10:35,10:37,10:40,10:43,10:46,10:48,10:50,10:53,10:57,11:00,11:03,11:06,11:12,11:15,11:18,11:20,11:24,11:27,11:34,,,,,,,
90419,,,10:29,,,,10:39,,,,10:46,,,10:51,,,,10:59,,,,,,11:15,11:18,11:23,11:28,11:34,11:39,11:44,11:51
90421,,,10:31,10:34,10:36,10:39,10:41,10:44,10:47,10:50,10:52,10:54,10:57,11:01,11:04,11:06,11:09,11:15,,,,,,,,,,,,,
90423,,,10:32,,,,10:42,,,,10:49,,,10:54,,,,11:02,,,,,,11:18,,,,,,,
93019,,,,,,,,,,,,,,,,,,,,,,,,,,,,,,,11:55
90425,,,10:34,10:37,10:39,10:42,10:44,10:47,10:50,10:53,10:55,10:57,11:00,11:04,11:07,11:09,11:12,11:17,11:20,11:23,11:25,11:29,11:32,11:39,,,,,,,
90427,,,10:36,,,,10:46,,,,10:53,,,10:58,,,,11:06,,,,,,11:21,11:25,11:30,11:37,,,,
90429,,,,,,,,,,,,,,,,,,,,,,,,11:38,11:42,11:47,11:54,,,,
90431,,,10:37,10:40,10:42,10:45,10:47,10:50,10:53,10:56,10:58,11:00,11:03,11:07,11:10,11:12,11:15,11:20,11:23,11:26,11:28,11:32,11:35,11:41,11:46,11:51,11:57,12:03,12:08,12:13,
92021,,,,,,,,,,,10:55,,,11:02,,,,11:11,,,,,,11:26,11:30,11:35,11:40,11:46,11:51,11:56,12:02
90435,,,10:40,10:43,10:45,10:48,10:50,,,,,,,,,,,,,,,,,,,,,,,,
90437,,,10:43,10:46,10:48,10:51,10:53,,,,11:00,,,11:06,,,,11:15,,,,,,11:30,11:34,11:39,11:44,11:50,11:55,12:00,12:07
90439,,,10:43,10:46,10:48,10:51,10:53,10:56,10:59,11:02,11:04,11:06,11:09,11:13,11:16,11:18,11:21,11:26,11:29,11:32,11:34,11:38,11:41,11:48,,,,,,,
90441,,,10:46,10:49,10:51,10:54,10:56,10:59,11:02,11:05,11:07,11:09,11:12,11:16,11:19,11:22,11:25,11:30,,,,,,,,,,,,,
90443,,,10:47,,,,10:57,,,,11:04,,,11:09,,,,11:18,,,,,,11:33,,,,,,,
93021,,,,,,,,,,,,,,,,,,,,,,,,,,,,,,,12:15
90445,,,10:50,,,,11:00,,,,11:07,,,11:12,,,,11:21,,,,11:30,,,,,,,,,
90447,,,10:51,10:54,10:56,10:59,11:01,11:04,11:07,11:10,11:12,11:14,11:17,11:21,11:24,11:27,11:30,11:35,11:38,11:41,11:43,11:47,11:50,11:57,,,,,,,
90449,,,10:53,,,,11:03,,,,11:10,,,11:15,,,,11:24,,,,,,11:37,11:40,11:44,11:49,11:55,12:00,12:05,12:13
90451,,,10:57,,,,11:07,,,,11:14,,,11:19,,,,11:27,,,,,,11:41,,,11:54,,12:05,12:10,12:16
90453,,,10:57,11:00,11:02,11:05,11:07,,,,,,,,,,,,,,,,,,,,,,,,
90455,,,11:00,11:03,11:05,11:08,11:10,11:13,11:16,11:19,11:21,11:23,11:26,11:30,11:33,11:35,11:38,11:43,11:46,11:49,11:51,11:55,11:58,12:05,,,,,,,
90457,,,11:00,11:03,11:05,11:08,11:10,,,,11:17,,,11:22,,,,11:30,,,,,,11:44,11:48,11:53,11:58,12:04,12:09,12:14,12:22
90459,,,11:03,11:06,11:08,11:11,11:13,11:16,11:19,11:22,11:24,11:26,11:29,11:33,11:36,11:38,11:41,11:46,11:49,11:52,11:54,11:58,12:01,12:08,,,,,,,
90461,,,11:03,11:06,11:08,11:11,11:13,,,,11:20,,,11:26,,,,11:34,,,,,,11:49,11:53,11:58,12:03,12:09,12:14,12:19,12:27
90463,,,11:06,11:09,11:11,11:14,11:16,11:19,11:22,11:25,11:27,11:29,11:32,11:36,11:39,11:41,11:44,11:49,11:53,11:56,11:59,,,,,,,,,,
90467,,,,,,,,,,,,,,,,,,,,,,,,12:11,12:15,12:20,12:25,12:31,12:36,12:41,12:47
90469,,,11:06,11:09,11:11,11:14,11:16,,,,11:23,,,11:29,,,,11:38,,,,11:50,,,,,,,,,
90471,,,11:09,11:12,11:14,11:17,11:19,11:22,11:25,11:28,11:30,11:32,11:35,11:39,11:42,11:44,11:47,11:53,11:56,11:59,12:01,12:05,12:08,12:15,,,,,,,
90473,,,11:12,11:15,11:17,11:20,11:22,,,,11:29,,,11:34,,,,11:43,,,,,,11:58,12:02,12:07,12:12,12:18,12:23,12:28,12:35
90475,,,11:12,11:15,11:17,11:20,11:22,,,,,,,,,,,,,,,,,,,,,,,,
90477,,,11:15,11:18,11:20,11:23,11:25,,,,11:32,,,11:38,,,,11:47,,,,,,12:02,,,,,,,
90479,,,11:15,11:18,11:20,11:23,11:25,11:28,11:31,11:34,11:36,11:38,11:41,11:45,11:48,11:50,11:53,11:59,12:03,12:06,12:08,12:12,12:15,12:21,,,,,,,
90481,,,,,,,,,,,,,,,,,,,,,,,,12:21,12:26,12:31,12:36,12:42,12:47,12:52,12:59
90483,,,11:18,11:21,11:23,11:26,11:28,,,,11:35,,,11:41,,,,11:50,,,,,,12:05,12:08,12:13,12:18,12:24,12:29,12:35,12:42
90485,,,11:18,11:21,11:23,11:26,11:28,11:31,11:34,11:37,11:39,11:41,11:44,11:48,11:52,11:55,11:58,12:02,12:06,12:09,12:13,,,,,,,,,,
90487,,,11:21,11:24,11:26,11:29,11:31,,,,11:38,,,11:44,,,,11:53,,,,,,12:08,,,,,,,
90489,,,11:21,11:24,11:26,11:29,11:31,,,,,,,,,,,,,,,,,,,,,,,,
90491,,,11:24,11:27,11:29,11:32,11:34,,,,11:41,,,11:47,,,,11:56,,,,12:08,,,,,,,,,
90493,,,,,,,,,,,,,,,,,,12:01,12:06,12:09,12:11,12:15,12:18,12:24,12:29,12:34,12:39,12:45,12:50,12:55,13:03
90495,,,11:24,11:27,11:29,11:32,11:34,11:37,11:40,11:43,11:45,11:47,11:50,11:54,11:57,11:59,12:02,12:07,12:10,12:13,12:15,12:19,12:22,12:29,,,,,,,
92023,,,11:27,,,,11:37,,,,11:44,,,11:50,,,,11:59,,,,,,12:13,12:16,12:21,12:26,12:32,12:36,12:41,12:48
90499,,,11:27,11:30,11:32,11:35,11:37,,,,,,,,,,,,,,,,,,,,,,,,
90503,,,11:30,11:33,11:35,11:38,11:40,,,,11:47,,,11:53,,,,12:02,,,,,,12:16,12:20,12:25,12:31,,,,
90507,,,,,,,,,,,,,,11:57,12:01,12:03,12:06,12:11,12:14,12:17,12:19,12:23,12:26,12:31,12:36,12:41,12:48,,,,
90509,,,11:33,11:36,11:38,11:41,11:43,11:46,11:49,11:52,11:54,11:56,11:59,12:03,12:06,12:08,12:11,12:16,12:19,12:22,12:24,12:28,12:31,12:37,,,,,,,
90509A,,,11:33,11:36,11:38,11:41,11:43,,,,11:50,,,11:56,,,,12:05,,,,,,12:19,12:23,12:27,12:32,12:37,12:42,12:48,
90511,,,11:38,11:41,11:43,11:46,11:48,,,,11:55,,,12:01,,,,12:10,,,,,,12:28,12:32,12:36,12:41,12:47,12:54,,
90513,,,,,,,,,,,,,,,,,,12:18,12:22,12:25,12:27,12:31,12:34,12:39,12:43,12:48,12:53,12:59,13:04,13:09,13:15
90515,,,11:38,11:41,11:43,11:46,11:48,11:51,11:54,11:57,11:59,12:01,12:04,12:08,12:11,12:13,12:16,12:22,12:25,12:28,12:30,12:34,12:37,12:43,12:47,12:52,12:57,13:03,13:08,13:13,13:20
90517,,,11:41,11:44,11:46,11:49,11:51,11:54,11:57,12:00,12:02,12:04,12:07,12:11,12:14,12:16,12:19,12:25,12:28,12:31,12:33,12:37,12:40,12:46,,,,,,,
90519,,,11:43,11:46,11:48,11:51,11:53,,,,12:00,,,12:05,,,,12:13,,,,12:25,,,,,,,,,
90521,,,11:44,11:47,11:49,11:52,11:54,11:57,12:00,12:03,12:05,12:07,12:10,12:14,12:17,12:19,12:22,12:28,12:31,12:34,12:36,12:40,12:43,12:49,,,,,,,
90523,,,11:49,11:52,11:54,11:57,11:59,12:02,12:05,12:08,12:10,12:12,12:15,12:19,12:22,12:24,12:27,12:32,12:36,12:39,12:41,12:45,12:48,12:55,,,,,,,
94005,,,11:50,11:53,11:55,11:58,12:00,,,,12:07,,,12:12,,,,12:20,,,,,,12:33,12:36,12:41,12:46,12:52,12:56,13:01,13:08
90527,,,,,,,,,,,,,,,,,,12:35,12:40,12:43,12:45,12:49,12:52,12:57,13:01,13:06,13:12,,,,
93023,,,,,,,,,,,,,,,,,,,,,,,,,,,,,,,13:20
90529,,,11:52,11:55,11:57,12:00,12:02,12:05,12:08,12:11,12:13,12:15,12:18,12:22,12:25,12:27,12:30,12:35,12:39,12:42,12:45,,,,,,,,,,
90531,,,11:58,12:01,12:03,12:06,12:08,12:11,12:14,12:17,12:19,12:21,12:24,12:28,12:31,12:33,12:36,12:41,12:44,12:47,12:49,12:53,12:56,13:02,,,,,,,
90533,,,12:00,12:03,12:05,12:08,12:10,,,,12:17,,,12:22,,,,12:30,,,,,,12:46,12:51,12:56,13:01,13:07,13:13,13:18,13:25
90535,,,12:05,12:08,12:10,12:13,12:15,12:18,12:21,12:24,12:26,12:28,12:31,12:35,12:38,12:40,12:43,12:48,12:52,12:55,12:57,13:01,13:04,13:10,,,,,,,
90537,,,12:06,12:09,12:11,12:14,12:16,,,,12:23,,,12:28,,,,12:36,,,,,,12:50,12:54,12:59,13:04,13:10,13:15,13:20,13:28
90539,,,12:08,12:11,12:13,12:16,12:18,12:21,12:24,12:27,12:29,12:31,12:34,12:38,12:41,12:43,12:46,12:52,12:56,12:59,13:03,,,,,,,,,,
90541,,,12:09,,,,,,,,12:26,,,12:32,,,,12:40,,,,,,12:54,12:59,13:04,13:09,13:15,13:20,13:25,13:33
90543,,,,,,,,,,,,,,,,,,,,,,,,13:03,13:07,13:12,13:17,13:23,13:28,13:33,13:40
90545,,,,,,,,,,,,,,,,,,12:51,12:55,12:58,13:00,13:04,13:07,13:13,13:17,13:22,13:27,13:33,13:38,13:43,13:49
90547,,,12:11,12:14,12:16,12:19,12:21,12:24,12:27,12:30,12:32,12:34,12:37,12:41,12:44,12:47,12:50,12:55,12:59,13:02,13:04,13:08,13:11,13:17,,,,,,,
90549,,,12:13,12:16,12:18,12:21,12:23,,,,12:30,,,12:35,,,,12:43,,,,,,12:59,13:03,13:07,13:12,13:18,13:22,13:27,13:34
90551,,,12:16,12:19,12:21,12:24,12:26,,,,12:33,,,12:38,,,,12:46,,,,,,13:03,13:07,13:11,13:16,13:22,13:27,13:32,13:38
90553,,,12:16,12:19,12:21,12:24,12:26,12:29,12:32,12:35,12:37,12:39,12:42,12:46,12:49,12:51,12:54,12:59,13:02,13:05,13:07,13:11,13:14,13:21,,,,,,,
90555,,,12:19,12:22,12:24,12:27,12:29,12:32,12:35,12:38,12:40,12:42,12:45,12:49,12:52,12:54,12:57,13:02,13:05,13:08,13:10,13:14,13:17,13:24,,,,,,,
90557,,,12:22,12:25,12:27,12:30,12:32,12:35,12:38,12:41,12:43,12:45,12:48,12:52,12:55,12:58,13:01,13:06,13:09,13:12,13:14,13:18,13:21,13:27,,,,,,,
90559,,,12:25,12:28,12:30,12:33,12:35,,,,12:42,,,12:47,,,,12:55,,,,,,13:10,,,,,,,
90561,,,12:26,12:29,12:31,12:34,12:36,12:39,12:42,12:45,12:47,12:49,12:52,12:56,12:59,13:02,13:05,13:10,13:13,13:16,13:18,13:22,13:25,13:32,,,,,,,
90563,,,12:29,12:32,12:34,12:37,12:39,,,,12:46,,,12:52,,,,13:03,,,,,,13:19,,,13:28,,13:38,,
90565,,,12:29,12:32,12:34,12:37,12:39,12:42,12:45,12:48,12:50,12:52,12:55,12:59,13:02,13:05,13:08,13:13,13:16,13:19,13:21,13:25,13:28,13:34,13:38,13:43,13:48,13:54,13:59,14:04,14:10
90567,,,12:32,12:35,12:37,12:40,12:42,12:45,12:48,12:51,12:53,12:55,12:58,13:02,13:05,13:08,13:11,13:16,13:19,13:22,13:24,13:28,13:31,13:38,,,,,,,
90569,,,12:34,12:37,12:39,12:42,12:44,,,,12:51,,,12:57,,,,13:07,,,,,,13:22,13:27,13:32,13:37,13:43,13:48,13:53,13:59
90571,,,,,,,,,,,,,,,,,,13:20,13:23,13:26,13:28,13:32,13:35,13:40,13:44,13:49,13:55,,,,
90573,,,12:37,12:40,12:42,12:45,12:47,12:50,12:53,12:56,12:58,13:00,13:03,13:07,13:10,13:13,13:16,13:22,13:26,13:29,13:33,,,,,,,,,,
90575,,,12:41,12:44,12:46,12:49,12:51,12:54,12:57,13:00,13:02,13:04,13:07,13:11,13:14,13:16,13:19,13:24,13:27,13:30,13:32,13:36,13:39,13:45,,,,,,,
90577,,,12:41,12:44,12:46,12:49,12:51,,,,12:58,,,13:04,,,,13:13,,,,,,13:30,13:34,13:39,13:44,13:50,13:55,14:00,14:06
90579,,,12:45,12:48,12:50,12:53,12:55,12:58,13:01,13:04,13:06,13:08,13:11,13:15,13:18,13:20,13:23,13:28,13:31,13:34,13:36,13:40,13:43,13:49,,,,,,,
92025,,,12:53,,,,13:02,,,,13:09,,,13:15,,,,13:25,,,,,,13:42,,,13:55,,14:03,14:08,14:14
90583,,,12:50,12:53,12:55,12:58,13:00,13:03,13:06,13:09,13:11,13:13,13:16,13:20,13:23,13:26,13:29,13:35,13:38,13:41,13:43,13:47,13:50,13:56,,,,,,,
90585,,,,,,,,,,,13:12,,,13:19,,,,13:28,,,,,,13:45,13:49,13:54,13:58,14:04,14:09,14:14,14:20
90587,,,12:55,12:58,13:00,13:03,13:05,13:08,13:11,13:14,13:16,13:18,13:21,13:25,13:28,13:31,13:34,13:39,13:42,13:45,13:47,13:51,13:54,14:00,,,,,,,
90589,,,12:59,13:02,13:04,13:07,13:09,,,,13:16,,,13:22,,,,13:31,13:35,,13:40,13:44,13:47,13:53,,,,,,,
90591,,,12:59,13:02,13:04,13:07,13:09,13:12,13:15,13:18,13:20,13:22,13:25,13:29,13:32,13:34,13:37,13:42,13:45,13:48,13:50,13:54,13:57,14:04,,,,,,,
90593,,,13:02,13:05,13:07,13:10,13:12,13:15,13:18,13:21,13:23,13:25,13:28,13:32,13:35,13:37,13:40,13:45,13:48,13:51,13:53,13:57,14:00,14:09,,,,,,,
92027,,,13:03,,,,13:12,,,,13:19,,,13:25,,,,13:34,,,,,,13:48,13:51,13:56,14:01,14:07,14:12,14:17,14:23
92029,,,,,,,,,,,13:23,,,13:30,,,,13:38,,,,,,13:52,13:55,14:00,14:05,14:11,14:16,14:21,14:28
90601,,,13:08,13:11,13:13,13:16,13:18,13:21,13:24,13:27,13:29,13:31,13:34,13:38,13:41,13:44,13:47,13:52,13:55,13:58,14:00,14:04,14:07,14:12,14:17,14:22,14:27,14:33,14:39,14:44,14:51
90603,,,13:12,13:15,13:17,13:20,13:22,13:25,13:28,13:31,13:33,13:35,13:38,13:42,13:45,13:48,13:51,13:56,13:59,14:02,14:04,14:08,14:11,14:18,,,,,,,
90605,,,13:16,13:19,13:21,13:24,13:26,,,,13:33,,,13:39,,,,13:49,,,,,,14:04,14:09,14:14,14:19,14:25,14:30,,
90607,,,13:16,13:19,13:21,13:24,13:26,13:29,13:32,13:35,13:37,13:39,13:42,13:46,13:49,13:52,13:55,14:00,14:03,14:06,14:08,14:12,14:15,14:21,,,,,,,
90609,,,13:19,13:22,13:24,13:27,13:29,13:32,13:35,13:38,13:40,13:42,13:45,13:49,13:52,13:55,13:58,14:03,14:06,14:09,14:11,14:15,14:18,14:24,14:28,14:33,14:38,14:44,14:49,14:54,15:00
90611,,,13:22,13:25,13:27,13:30,13:32,13:35,13:38,13:41,13:43,13:45,13:48,13:52,13:55,13:58,14:01,14:06,14:09,14:12,14:14,14:18,14:21,14:27,,,,,,,
90613,,,13:23,13:26,13:28,13:31,13:33,,,,13:40,,,13:45,,,,13:53,,,,,,14:07,,,14:17,,14:25,14:30,14:37
90615,,,,,,,,,,,13:43,,,13:50,,,,13:58,,,,,,14:11,14:15,14:20,14:24,14:30,14:35,14:40,14:47
93025,,,,,,,,,,,,,,,,,,,,,,,,,,,,,,,15:05
90617,,,13:26,13:29,13:31,13:34,13:36,13:39,13:42,13:45,13:47,13:49,13:52,13:56,13:59,14:02,14:05,14:10,14:13,14:16,14:18,14:22,14:25,14:32,,,,,,,
90619,,,,,,,,,,,,,,,,,,14:13,14:17,14:20,14:22,14:26,14:29,14:35,14:40,14:45,14:52,,,,
90621,,,13:32,13:35,13:37,13:40,13:42,13:45,13:48,13:51,13:53,13:55,13:58,14:02,14:05,14:08,14:11,14:16,14:20,14:23,14:25,14:29,14:32,14:38,,,,,,,
90625,,,13:38,13:41,13:43,13:46,13:48,13:51,13:54,13:57,13:59,14:01,14:04,14:08,14:11,14:13,14:16,14:20,14:23,14:26,14:28,14:32,14:35,14:41,,,,,,,
90629,,,13:43,13:46,13:48,13:51,13:53,,,,14:00,,,14:05,,,,14:13,,,,,,14:26,14:30,14:35,14:40,14:46,14:52,14:58,15:05
90631,,,,,,,,,,,14:03,,,14:09,,,,14:17,,,,,,14:30,14:34,14:39,14:44,14:50,14:56,15:02,15:09
90633,,,13:44,13:47,13:49,13:52,13:54,13:57,14:00,14:03,14:05,14:07,14:10,14:14,14:17,14:19,14:22,14:27,14:30,14:33,14:35,14:39,14:42,14:49,,,,,,,
90635,,,,,,,,,,,,,,14:18,14:22,14:24,14:27,14:32,14:35,14:38,14:40,14:44,14:47,14:53,,,,,,,
90637,,,13:49,13:52,13:54,13:57,13:59,,,,14:06,,,14:13,,,,14:22,,,,,,14:36,,,14:46,,14:57,15:03,15:10
90639,,,13:52,13:55,13:57,14:00,14:02,14:05,14:08,14:11,14:13,14:15,14:18,14:22,14:25,14:28,14:31,14:36,14:39,14:42,14:44,14:48,14:51,14:57,15:01,15:06,15:11,15:17,15:22,15:27,15:34
90641,,,13:55,13:58,14:00,14:03,14:05,,,,14:12,,,14:17,,,,14:25,,,,,,14:39,14:43,14:48,14:53,14:59,15:04,15:09,15:15
90643,,,,,,,,,,,,,,,,,,14:29,,,,,,14:45,14:49,14:54,14:59,15:05,15:11,,
90645,,,13:58,14:01,14:03,14:06,14:08,14:11,14:14,14:17,14:19,14:21,14:24,14:28,14:31,14:34,14:37,14:43,14:46,14:49,14:51,14:55,14:58,15:05,,,,,,,
90647,,,,,,,,,,,14:17,,,14:24,,,,14:33,,,,,,14:49,14:52,14:57,15:02,15:08,15:13,15:18,15:24
90649,,,14:03,14:06,14:08,14:11,14:13,14:16,14:19,14:22,14:24,14:26,14:29,14:33,14:36,14:39,14:42,14:48,14:52,14:55,14:59,,,,,,,,,,
90651,,,14:04,14:07,14:09,14:12,14:14,,,,14:21,,,14:27,,,,14:36,,,,,,14:53,14:57,15:02,15:07,15:13,15:18,15:23,15:30
90653,,,14:07,14:10,14:12,14:15,14:17,,,,14:24,,,14:30,,,,14:39,14:43,,14:48,14:52,14:55,15:01,,,,,,,
90655,,,14:07,14:10,14:12,14:15,14:17,14:20,14:23,14:26,14:28,14:30,14:33,14:37,14:40,14:43,14:46,14:51,14:54,14:57,14:59,15:03,15:06,15:12,,,,,,,
90657,,,,,,,,,,,,,,,,,,14:54,14:58,15:01,15:03,15:07,15:10,15:15,15:19,15:24,15:31,,,,
90659,,,14:13,14:16,14:18,14:21,14:23,14:26,14:29,14:32,14:34,14:36,14:39,14:43,14:46,14:49,14:52,14:57,15:01,15:04,15:06,15:10,15:13,15:18,,,,,,,
90661,,,14:17,14:20,14:22,14:25,14:27,,,,14:34,,,14:40,,,,14:48,,,,,,15:02,15:06,15:11,15:18,,,,
90663,,,,,,,,,,,,,,,,,,14:50,,,,,,15:12,,,15:22,,15:29,15:34,15:43
90665,,,14:17,14:20,14:22,14:25,14:27,14:30,14:33,14:36,14:38,14:40,14:43,14:47,14:50,14:53,14:56,15:03,,,,,,,,,,,,,
90669,,,14:20,14:23,14:25,14:28,14:30,14:33,14:36,14:39,14:41,14:43,14:46,14:50,14:53,14:56,14:59,15:05,15:09,15:12,15:14,15:18,15:21,15:27,,,,,,,
93027,,,,,,,,,,,,,,,,,,,,,,,,,,,,,,,15:45
90671,,,14:24,14:27,14:29,14:32,14:34,,,,14:41,,,14:47,,,,14:56,,,,,,15:11,15:16,15:21,15:26,15:32,15:37,15:42,15:48
92031,,,,,,,,,,,14:44,,,14:50,,,,14:59,,,,,,15:15,15:19,15:24,15:29,15:34,15:39,15:44,15:51
90673,,,14:24,14:27,14:29,14:32,14:34,14:37,14:40,14:43,14:45,14:47,14:50,14:54,14:57,15:00,15:03,15:08,15:12,15:15,15:17,15:21,15:24,15:30,,,,,,,
90675,,,14:28,14:31,14:33,14:36,14:38,14:41,14:44,14:47,14:49,14:51,14:55,14:58,15:01,15:04,15:07,15:12,15:15,15:18,15:20,15:24,15:27,15:33,,,,,,,
90677,,,14:30,14:33,14:35,14:38,14:40,,,,14:47,,,14:53,,,,15:02,,,,,,15:18,15:22,15:27,15:32,15:38,15:43,15:48,15:56
90679,,,14:33,14:36,14:38,14:41,14:43,14:46,14:49,14:52,14:54,14:56,14:59,15:03,15:06,15:09,15:12,15:17,15:20,15:23,15:25,15:29,15:32,15:38,,,,,,,
90681,,,,,,,,,,,,,,,,,,,,,,,,15:42,15:46,15:51,15:56,16:02,16:07,16:12,16:19
90683,,,14:36,14:39,14:41,14:44,14:46,,,,14:53,,,15:00,,,,15:09,,,,,,15:23,15:26,15:31,15:36,15:42,15:49,,
90685,,,14:37,14:40,14:42,14:45,14:47,14:50,14:53,14:56,14:58,15:00,15:03,15:07,15:10,15:13,15:16,15:21,15:24,15:27,15:29,15:33,15:36,15:42,,,,,,,
90687,,,14:41,14:44,14:46,14:49,14:51,14:54,14:57,15:00,15:02,15:04,15:07,15:11,15:14,15:16,15:19,15:24,15:27,15:30,15:32,15:36,15:39,15:46,,,,,,,
90689,,,14:45,14:48,14:50,14:53,14:55,14:58,15:01,15:04,15:06,15:08,15:11,15:15,15:18,15:21,15:24,15:29,15:33,15:36,15:40,,,,,,,,,,
90691,,,14:49,14:52,14:54,14:57,14:59,15:02,15:05,15:08,15:10,15:12,15:15,15:19,15:22,15:25,15:28,15:34,15:37,15:40,15:42,15:46,15:49,15:55,,,,,,,
90693,,,14:50,14:53,14:55,14:58,15:00,,,,15:09,,,15:14,,,,15:22,,,,,,15:35,15:40,15:45,15:50,15:56,16:01,16:06,16:13
90695,,,14:53,14:56,14:58,15:01,15:03,15:06,15:09,15:12,15:14,15:16,15:19,15:23,15:26,15:29,15:32,15:37,15:40,15:43,15:45,15:49,15:52,15:59,,,,,,,
94007,,,14:55,14:58,15:00,15:03,15:05,,,,15:12,,,15:17,,,,15:26,,,,,,15:39,15:43,15:47,15:52,15:58,16:02,16:07,16:13
90699,,,14:57,15:00,15:02,15:05,15:07,15:10,,15:16,15:18,15:20,15:23,15:27,15:30,15:33,15:36,15:42,15:46,15:49,15:53,,,,,,,,,,
90701,,,14:58,15:01,15:03,15:06,15:08,,,,15:15,,,15:20,,,,15:29,15:33,,15:38,15:42,15:45,15:51,,,,,,,
90703,,,15:01,15:04,15:06,15:09,15:11,15:14,15:17,15:20,15:22,15:24,15:27,15:31,15:34,15:36,15:39,15:44,15:48,15:51,15:53,15:57,16:00,16:06,,,,,,,
90705,,,,,,,,,,,,,,,,,,,,,,,,16:07,16:11,16:16,16:21,16:27,16:33,,
90707,,,15:02,15:05,15:07,15:10,15:12,,,,15:19,,,15:24,,,,15:33,,,,,,15:48,15:52,15:57,16:02,16:08,16:13,16:18,16:25
90709,,,,,,,,,,,,,,,,,,15:36,,,,,,15:53,15:58,16:02,16:08,,,,
90711,,,15:04,15:07,15:09,15:12,15:14,15:17,15:20,15:23,15:25,15:27,15:30,15:34,15:37,15:39,15:42,15:47,15:51,15:54,15:56,16:00,16:03,16:10,,,,,,,
90713,,,,,,,,,,,,,,15:36,15:40,15:42,15:45,15:50,15:54,15:57,15:59,16:03,16:06,16:11,16:15,16:20,16:25,16:31,16:36,16:41,16:48
90715,,,15:08,15:11,15:13,15:16,15:18,,,,15:25,,,15:31,,,,15:41,15:45,,15:50,15:54,15:57,16:03,,,,,,,
90717,,,,,,,,,,,15:28,,,15:35,,,,15:44,,,,,,15:58,16:02,16:07,16:12,16:18,16:23,16:28,16:34
90719,,,15:10,15:13,15:15,15:18,15:20,15:23,15:26,15:29,15:31,15:33,15:36,15:40,15:43,15:45,15:48,15:53,15:57,16:00,16:02,16:06,16:09,16:15,,,,,,,
90721,,,15:16,15:19,15:21,15:24,15:26,15:29,15:32,15:35,15:37,15:39,15:42,15:46,15:49,15:51,15:54,15:59,16:02,16:05,16:07,16:11,16:14,16:20,,,,,,,
93029,,,15:19,15:22,15:24,15:27,15:29,,,,15:36,,,15:42,,,,15:51,,,,,,16:06,,,16:18,,16:25,,16:35
90723,,,15:20,15:23,15:25,15:28,15:30,15:33,15:36,15:39,15:41,15:43,15:46,15:50,15:53,15:55,15:58,16:03,16:06,16:09,16:11,16:15,16:18,16:24,,,,,,,
90725,,,15:22,15:25,15:27,15:30,15:32,,,,15:39,,,15:45,,,,15:54,,,,,,16:09,16:13,16:18,16:23,16:29,16:34,16:39,16:45
90727,,,15:23,15:26,15:28,15:31,15:33,15:36,15:39,15:42,15:44,15:46,15:49,15:53,15:56,15:58,16:01,16:06,16:09,16:12,16:14,16:18,16:21,16:27,,,,,,,
90729,,,15:26,15:29,15:31,15:34,15:36,15:39,15:42,15:45,15:47,15:49,15:52,15:56,15:59,16:01,16:04,16:10,16:14,16:17,16:21,,,,,,,,,,
90731,,,15:27,15:30,15:32,15:35,15:37,,,,15:44,,,15:49,,,,15:57,,,,,,16:15,16:19,16:24,16:30,,,,
92033,,,,,,,,,,,15:47,,,15:54,,,,16:02,,,,,,16:16,16:20,16:25,16:30,16:36,16:41,16:46,16:53
90733,,,,,,,,,,,,,,,,,,16:10,16:15,16:18,16:20,16:24,16:27,16:32,16:36,16:41,16:46,16:52,16:57,17:02,17:10
90737,,,15:32,15:35,15:37,15:40,15:42,15:45,15:48,15:51,15:53,15:55,15:58,16:02,16:06,16:08,16:11,16:16,16:19,16:22,16:24,16:28,16:31,16:37,,,,,,,
90739,,,15:35,15:38,15:40,15:43,15:45,,,,15:52,,,15:57,,,,16:05,,,,,,16:20,16:24,16:29,16:34,16:40,16:46,,
90741,,,15:36,15:39,15:41,15:44,15:46,15:49,15:52,15:55,15:57,15:59,16:02,16:06,16:09,16:11,16:14,16:19,16:22,16:25,16:27,16:31,16:34,16:39,16:43,16:48,16:53,16:59,17:04,17:09,17:15
90743,,,15:40,15:43,15:45,15:48,15:50,,,,15:57,,,16:02,,,,16:10,,,,,,16:26,16:30,16:35,16:40,16:46,16:51,16:56,17:03
90745,,,,,,,,,,,,,,,,,,16:21,16:25,16:28,16:30,16:34,16:37,16:43,16:47,16:52,16:57,17:03,17:08,17:13,17:21
90747,,,15:41,15:44,15:46,15:49,15:51,15:54,15:57,16:00,16:02,16:04,16:07,16:11,16:14,16:16,16:19,16:24,16:28,16:31,16:33,16:37,16:40,16:46,,,,,,,
90749,,,15:44,15:47,15:49,15:52,15:54,,,,16:01,,,16:06,,,,16:14,,,,,,16:28,16:33,16:38,16:45,,,,
90751,,,15:45,15:48,15:50,15:53,15:55,15:58,16:01,16:04,16:06,16:08,16:11,16:15,16:19,16:21,16:24,16:30,16:34,16:37,16:39,16:44,16:47,16:53,,,,,,,
90753,,,15:49,15:52,15:54,15:57,15:59,16:02,16:05,16:08,16:10,16:12,16:15,16:19,16:23,16:25,16:28,16:34,16:37,16:40,16:42,16:46,16:49,16:56,,,,,,,
90755,,,15:52,15:55,15:57,16:00,16:02,16:05,16:08,16:11,16:13,16:15,16:18,16:22,16:25,16:27,16:30,16:35,16:39,16:42,16:46,,,,,,,,,,
90757,,,15:55,15:58,16:00,16:03,16:05,16:08,16:11,16:14,16:16,16:18,16:21,16:25,16:28,16:30,16:33,16:38,16:41,16:44,16:46,16:50,16:53,16:59,,,,,,,
90759,,,15:56,15:59,16:01,16:04,16:06,,,,16:14,,,16:19,,,,16:27,,,,,,16:40,16:43,16:48,16:53,16:59,17:04,17:09,17:15
90761,,,15:59,16:02,16:04,16:07,16:09,,,,16:17,,,16:22,,,,16:30,,,,,,16:45,,,,,,,
90763,,,,,,,,,16:14,16:17,16:19,16:21,16:24,16:28,16:31,16:33,16:36,16:41,16:44,16:47,16:49,16:53,16:56,17:01,17:04,17:09,17:14,17:19,17:24,17:29,17:36
90765,,,16:01,16:04,16:06,16:09,16:11,16:14,16:17,16:20,16:22,16:24,16:27,16:31,16:34,16:36,16:39,16:44,16:47,16:50,16:52,16:56,16:59,17:05,,,,,,,
90767,,,16:04,16:07,16:09,16:12,16:14,16:17,16:20,16:23,16:25,16:27,16:30,16:34,16:37,16:39,16:42,16:47,16:50,16:53,16:55,16:59,17:02,17:08,,,,,,,
92035,,,16:05,,,,16:14,,,,16:21,,,16:26,,,,16:34,,,,,,16:49,16:52,16:57,17:02,17:08,17:13,17:18,17:25
90771,,,,,,,,,,,,,,,,,,16:37,,,,,,16:52,16:56,17:01,17:06,17:12,17:19,,
90773,,,16:08,16:11,16:13,16:16,16:18,16:21,16:24,16:27,16:29,16:31,16:34,16:38,16:41,16:43,16:46,16:53,16:57,17:00,17:04,,,,,,,,,,
90775,,,16:11,16:14,16:16,16:19,16:21,16:24,16:27,16:30,16:32,16:34,16:37,16:41,16:44,16:47,16:50,16:55,16:58,17:01,17:03,17:07,17:10,17:16,,,,,,,
90777,,,,,,,,,,,,,,,,,,16:58,17:02,17:05,17:07,17:11,17:14,17:19,17:23,17:28,17:33,17:39,17:44,17:49,17:58
92037,,,16:13,,,,16:23,,,,16:30,,,16:35,,,,16:44,,,,,,16:58,17:02,17:07,17:12,17:17,17:22,17:27,17:34
90781,,,,,,,,,,,,,,,,,,,,,,,,17:25,17:30,17:35,17:40,17:46,17:51,17:57,18:05
90783,,,16:18,16:21,16:23,16:26,16:28,,,,16:35,,,16:40,,,,16:48,,,,,,17:03,17:08,17:13,17:20,,,,
90785,,,,,,,,16:30,16:33,16:36,16:38,16:40,16:43,16:47,16:50,16:53,16:56,17:01,17:04,17:07,17:09,17:13,17:16,17:23,,,,,,,
90787,,,16:21,16:24,16:26,16:29,16:31,,,,16:38,,,16:43,,,,16:52,,,,,,17:07,17:12,17:17,17:22,17:28,17:33,17:38,17:45
90789,,,16:21,16:24,16:26,16:29,16:31,16:34,16:37,16:40,16:42,16:44,16:47,16:51,16:54,16:57,17:00,17:05,17:08,17:11,17:13,17:17,17:20,17:26,,,,,,,
90791,,,,,,,,,,,16:47,,,16:54,,,,17:02,,,,,,17:18,,,17:27,,17:35,,17:46
90793,,,,,,,,,,,,,,,,,,16:59,,,,,,17:21,,,17:33,,17:43,,
90795,,,16:27,16:30,16:32,16:35,16:37,16:40,16:43,16:46,16:48,16:50,16:53,16:57,17:00,17:03,17:06,17:11,17:14,17:17,17:19,17:23,17:26,17:32,,,,,,,
93031,,,,,,,,,,,,,,,,,,,,,,,,,,,,,,,18:00
90797,,,16:33,16:36,16:38,16:41,16:43,16:46,16:49,16:52,16:54,16:56,16:59,17:03,17:06,17:09,17:12,17:17,17:20,17:23,17:25,17:29,17:32,17:38,,,,,,,
90799,,,,,,,,,,,16:52,,,16:58,,,,17:07,,,,,,17:22,17:27,17:32,17:37,17:43,17:48,17:53,18:03
90801,,,,,,,,,,,,,,,,,,17:13,17:17,17:20,17:22,17:26,17:29,17:35,17:40,17:45,17:50,17:56,18:01,18:06,18:13
90803,,,16:36,16:39,16:41,16:44,16:46,16:49,16:52,16:55,16:57,16:59,17:02,17:06,17:09,17:11,17:14,17:20,17:23,17:26,17:28,17:32,17:35,17:41,,,,,,,
90805,,,16:39,16:42,16:44,16:47,16:49,16:52,16:55,16:58,17:00,17:02,17:05,17:09,17:12,17:15,17:18,17:22,17:26,17:29,17:32,,,,,,,,,,
90807,,,16:42,16:45,16:47,16:50,16:52,,,,16:59,,,17:05,,,,17:14,,,,,,17:29,17:34,17:39,17:44,17:50,17:55,18:00,18:08
90809,,,16:42,16:45,16:47,16:50,16:52,16:55,16:58,17:01,17:03,17:05,17:08,17:12,17:15,17:17,17:20,17:26,,,,,,,,,,,,,
90811,,,16:45,16:48,16:50,16:53,16:55,16:58,17:01,17:04,17:06,17:08,17:11,17:15,17:18,17:20,17:23,17:28,17:31,17:34,17:36,17:40,17:43,17:49,,,,,,,
90813,,,,,,,,,,,,,,,,,,,,,,,,17:39,17:43,17:48,17:53,17:59,18:06,,
90815,,,,,,,,,,,,,,17:18,17:22,17:24,17:27,17:32,17:35,17:38,17:40,17:44,17:47,17:52,17:57,18:02,18:07,18:13,18:18,18:23,18:30
90817,,,16:52,16:55,16:57,17:00,17:02,17:05,17:08,17:11,17:13,17:15,17:18,17:22,17:25,17:28,17:31,17:37,17:41,17:44,17:46,17:50,17:53,18:00,,,,,,,
90819,,,16:55,16:58,17:00,17:03,17:05,,,,17:13,,,17:19,,,,17:28,,,,,,17:43,17:47,17:52,17:57,18:03,18:08,18:13,18:19
90821,,,,,,,,,,,,,,,,,,17:31,,,,,,17:47,17:52,17:57,18:02,18:08,18:13,18:18,18:25
90823,,,16:55,16:58,17:00,17:03,17:05,17:08,17:11,17:14,17:16,17:18,17:21,17:25,17:28,17:31,17:34,17:39,17:43,17:46,17:50,,,,,,,,,,
90825,,,17:01,17:04,17:06,17:09,17:11,17:14,17:17,17:20,17:22,17:24,17:27,17:31,17:34,17:36,17:39,17:44,17:48,17:51,17:53,17:58,18:01,18:07,,,,,,,
90827,,,17:04,17:07,17:09,17:12,17:14,,,,17:21,,,17:26,,,,17:34,17:37,,17:42,17:46,17:49,17:55,,,,,,,
92039,,,,,,,,,,,17:25,,,17:32,,,,17:40,,,,,,17:55,18:00,18:05,18:10,18:16,18:21,18:26,18:33
90831,,,17:04,17:07,17:09,17:12,17:14,17:17,17:20,17:23,17:25,17:27,17:30,17:34,17:37,17:40,17:43,17:48,17:52,17:55,18:00,,,,,,,,,,
90833,,,,,,,,,,,,,,,,,,17:47,17:52,17:55,17:57,18:02,18:05,18:10,18:15,18:20,18:25,18:31,18:36,18:41,18:48
90835,,,17:07,17:10,17:12,17:15,17:17,17:20,17:23,17:26,17:28,17:30,17:33,17:37,17:40,17:42,17:45,17:52,,,,,,,,,,,,,
90837,,,17:10,17:13,17:15,17:18,17:20,,,,17:27,,,17:34,,,,17:43,,,,,,17:59,,,,,,,
90839,,,17:11,17:14,17:16,17:19,17:21,17:24,17:27,17:30,17:32,17:34,17:37,17:41,17:44,17:46,17:49,17:54,17:57,18:00,18:02,18:06,18:09,18:16,,,,,,,
90841,,,17:16,17:19,17:21,17:24,17:26,17:29,17:32,17:35,17:37,17:39,17:42,17:46,17:50,17:53,17:56,18:02,,,,,,,,,,,,,
90843,,,17:19,17:22,17:24,17:27,17:29,,,,17:36,,,17:41,,,,17:49,,,,,,18:01,18:05,18:10,18:15,18:21,18:25,18:30,18:37
90847,,,,,,,,,,,,,,,,,,,,,,,,18:16,18:21,18:26,18:31,18:37,18:42,18:47,18:54
90849,,,17:20,17:23,17:25,17:28,17:30,17:33,17:37,17:40,17:42,17:44,17:47,17:51,17:54,17:57,18:00,18:05,18:08,18:11,18:13,18:17,18:20,18:26,,,,,,,
90851,,,17:22,17:25,17:27,17:30,17:32,,,,17:39,,,17:44,,,,17:52,17:55,,18:00,18:04,18:07,18:13,,,,,,,
90853,,,,,,,,17:36,17:40,17:43,17:45,17:47,17:50,17:54,17:57,18:00,18:03,18:08,18:11,18:14,18:16,18:20,18:23,18:28,18:33,18:38,18:43,18:49,18:54,18:59,19:06
90855,,,17:27,17:30,17:32,17:35,17:37,17:40,17:43,17:46,17:48,17:50,17:53,17:57,,,,,,,,,,,,,,,,,
90857,,,17:30,17:33,17:35,17:38,17:40,,,,17:47,,,17:52,,,,18:00,18:03,,18:08,18:14,18:17,18:23,,,,,,,
90859,,,17:30,17:33,17:35,17:38,17:40,17:43,17:46,17:49,17:51,17:53,17:56,18:00,18:03,18:05,18:08,18:14,18:18,18:21,18:25,,,,,,,,,,
90861,,,,,,,,,,,,,,18:02,18:06,18:08,18:11,18:16,18:19,18:22,18:24,18:28,18:31,18:38,,,,,,,
90863,,,,,,,,,,,,,,,,,,,,,,,,18:40,18:44,18:49,18:54,19:00,19:05,19:10,19:17
90865,,,17:36,17:39,17:41,17:44,17:46,,,,17:54,,,18:00,,,,18:08,,,,,,18:24,18:29,18:34,18:39,18:45,18:49,18:54,19:00
90867,,,17:36,17:39,17:41,17:44,17:46,17:49,17:52,17:55,17:57,17:59,18:02,18:06,18:09,18:11,18:14,18:19,18:22,18:25,18:27,18:31,18:34,18:41,,,,,,,
90869,,,,,,,,,,,,,,,,,,18:22,18:26,18:29,18:31,18:35,18:38,18:44,18:48,18:53,18:58,19:04,19:09,19:14,19:21
90871,,,17:39,17:42,17:44,17:47,17:49,,,,17:57,,,18:03,,,,18:11,18:16,,18:21,18:25,18:28,18:34,,,,,,,
90873,,,17:39,17:42,17:44,17:47,17:49,17:52,17:55,17:58,18:00,18:02,18:05,18:09,18:13,18:15,18:18,18:25,18:29,18:32,18:34,18:38,18:41,18:48,,,,,,,
92041,,,,,,,,,,,,,,,,,,18:12,,,,,,18:28,18:32,18:37,18:42,,,18:57,19:03
93033,,,,,,,,,,,18:00,,,18:07,,,,18:16,,,,,,18:33,18:38,18:42,18:47,18:53,18:59,19:04,19:11
90877,,,17:42,17:45,17:47,17:50,17:52,17:55,17:58,18:01,18:03,18:05,18:08,18:13,18:17,18:20,18:23,18:28,18:32,18:35,18:39,,,,,,,,,,
90879,,,17:45,17:48,17:50,17:53,17:55,17:58,18:01,18:04,18:06,18:08,18:11,18:15,18:18,18:21,18:24,18:30,,,,,,,,,,,,,
90881,,,17:48,17:51,17:53,17:56,17:58,18:01,18:04,18:07,18:09,18:11,18:14,18:18,18:21,18:24,18:27,18:32,18:36,18:39,18:41,18:45,18:48,18:55,,,,,,,
94009,,,17:49,17:52,17:54,17:57,17:59,,,,18:09,,,18:14,,,,18:24,,,,,,18:40,,,,,,,
90885,,,17:51,17:54,17:56,17:59,18:01,,,18:10,18:12,18:14,18:17,18:21,18:24,18:28,18:31,18:38,18:42,18:45,18:48,18:52,18:55,19:02,19:06,19:10,19:15,19:21,19:26,19:31,19:37
90887,,,17:52,17:55,17:57,18:00,18:02,,,,18:12,,,18:17,,,,18:28,18:32,,18:37,18:41,18:45,18:52,,,,,,,
90889,,,17:54,17:57,17:59,18:02,18:04,18:07,18:10,18:13,18:15,18:17,18:20,18:24,,,,,,,,,,,,,,,,,
90891,,,17:55,17:58,18:00,18:03,18:05,,,,18:15,,,18:21,,,,18:32,,,,,,18:45,18:49,18:53,18:57,19:03,19:08,19:13,19:19
90893,,,,,,,,,,,,,,,,,,,,,,,,18:54,18:58,19:03,19:09,19:15,19:22,,
90895,,,,,,,,,,,,,,,,,,18:30,,,,,,18:52,,,19:03,,19:11,,19:21
90897,,,17:57,18:00,18:02,18:05,18:07,18:10,18:13,18:16,18:18,18:20,18:23,18:27,18:31,18:34,18:37,18:41,18:45,18:48,18:51,18:55,18:58,19:05,,,,,,,
90899,,,17:58,18:01,18:03,18:06,18:08,,,,18:18,,,18:24,,,,18:35,18:40,,18:45,18:49,18:52,18:59,,,,,,,
90901,,,,,,,18:12,18:15,18:18,18:21,18:23,18:25,18:28,18:32,18:35,18:37,18:40,18:44,18:48,18:51,18:54,18:58,19:01,19:08,,,,,,,
90901,,,18:02,18:05,18:07,18:10,18:12,18:15,18:18,18:21,18:23,18:25,18:28,18:32,18:35,18:37,18:40,18:44,18:48,18:51,18:54,18:58,19:01,19:08,,,,,,,
90903,,,18:03,18:06,18:08,18:11,18:13,,,,18:21,,,18:27,,,,18:36,,,,,,18:50,18:55,19:00,19:07,,,,
90905,,,18:05,18:08,18:10,18:13,18:15,18:18,18:21,18:24,18:26,18:28,18:31,18:35,18:38,18:40,18:43,18:47,18:51,18:54,18:57,19:01,19:04,19:10,19:14,19:19,19:24,19:30,19:35,19:40,19:47
90907,,,18:09,18:12,18:14,18:17,18:19,18:22,18:25,18:28,18:30,18:32,18:35,18:39,18:42,18:45,18:48,18:53,18:57,19:00,19:03,,,,,,,,,,
90909,,,18:11,18:14,18:16,18:19,18:21,,,,18:29,,,18:36,,,,18:44,,,,,,19:01,19:05,19:10,19:15,19:21,19:25,19:30,19:37
90913,,,,,,,,,,,,,,,,,,,00:04,00:07,00:09,00:13,00:16,00:21,00:25,00:30,00:35,00:41,00:46,00:53,
90915,,,18:13,18:16,18:18,18:21,18:23,18:26,18:29,18:32,18:34,18:36,18:39,18:43,18:46,18:49,18:52,18:56,18:59,19:02,19:04,19:08,19:11,19:17,19:22,19:27,19:32,19:38,19:43,19:49,19:57
90917,,,18:14,18:17,18:19,18:22,18:24,,,,18:32,,,18:39,,,,18:47,,,,,,19:07,,,,,,,
92043,,,,,,,,,,,,,,,,,,18:50,,,,,,19:10,19:15,19:20,19:25,19:31,19:35,19:40,19:47
90919,,,,,,,,,,,18:35,,,18:42,,,,18:50,,,,,,19:12,,,,,,,
90921,,,18:16,18:19,18:21,18:24,18:26,18:29,18:32,18:35,18:37,18:39,18:42,18:46,18:49,18:52,18:55,18:59,19:02,19:05,19:07,19:11,19:14,19:20,,,,,,,
90923,,,18:19,18:22,18:24,18:27,18:29,18:32,18:35,18:38,18:40,18:42,18:45,18:50,18:53,18:55,18:58,19:04,19:08,19:12,19:17,,,,,,,,,,
90925,,,18:22,18:25,18:27,18:30,18:32,,,,18:39,,,18:45,,,,18:53,,,,,,19:14,19:18,19:23,19:28,19:34,19:39,19:45,19:52
90927,,,18:22,18:25,18:27,18:30,18:32,18:35,18:38,18:41,18:43,18:45,18:48,18:52,18:55,18:59,19:02,19:07,19:10,19:13,19:15,19:19,19:22,19:28,,,,,,,
90929,,,18:25,18:28,18:30,18:33,18:35,,,,18:42,,,18:48,,,,18:56,,,,,,19:17,,,,,,,
90931,,,18:25,18:28,18:30,18:33,18:35,18:38,18:41,18:44,18:46,18:48,18:51,18:55,,,,,,,,,,,,,,,,,
90933,,,18:29,18:32,18:34,18:37,18:39,,,,18:46,,,18:52,,,,19:02,19:06,,19:11,19:15,19:18,19:24,,,,,,,
90935,,,,,,,,,,,,,,,,,,19:11,19:16,19:19,19:22,19:26,19:29,19:34,19:39,19:44,19:49,19:55,19:59,20:05,
90937,,,18:29,18:32,18:34,18:37,18:39,18:42,18:45,18:48,18:50,18:52,18:55,18:59,19:03,19:07,19:10,19:16,19:20,19:23,19:25,19:29,19:32,19:39,,,,,,,
90939,,,18:32,18:35,18:37,18:40,18:42,18:45,18:48,18:51,18:53,18:55,18:58,19:02,19:06,19:10,19:13,19:19,19:23,19:26,19:28,19:32,19:35,19:42,,,,,,,
90941,,,18:32,18:35,18:37,18:40,18:42,,,,18:49,,,18:55,,,,19:05,,,,,,19:20,19:23,19:28,19:33,19:39,19:43,19:48,19:55
90943,,,,,,,,,,,,,,,,,,,,,,,,19:22,19:27,19:32,19:37,19:43,19:47,19:53,20:02
90945,,,18:35,18:38,18:40,18:43,18:45,,,,18:52,,,18:58,,,,19:08,,,,,,19:25,19:30,19:35,19:42,,,,
90947,,,18:35,18:38,18:40,18:43,18:45,18:48,18:51,18:54,18:56,18:58,19:01,19:05,19:09,19:12,19:15,19:21,19:25,19:28,19:30,19:34,19:37,19:44,,,,,,,
90949,,,18:38,18:41,18:43,18:46,18:48,18:51,18:54,18:57,18:59,19:01,19:04,19:09,,,,,,,,,,,,,,,,,
90951,,,18:39,18:42,18:44,18:47,18:49,,,,18:56,,,19:01,,,,19:10,19:13,,19:17,19:21,19:24,19:31,,,,,,,
90953,,,,,,,,,,,,,,,,,,19:25,19:29,19:32,19:34,19:38,19:41,19:47,19:52,19:58,20:04,20:11,20:16,20:22,20:30
90955,,,18:41,18:44,18:46,18:49,18:51,18:54,18:57,19:00,19:02,19:04,19:07,19:11,19:15,19:19,19:23,19:28,19:32,19:35,19:37,19:41,19:44,19:51,19:55,20:00,20:07,,,,
90957,,,,,,,,,,,,,,19:15,19:19,19:23,19:26,19:31,19:35,19:38,19:40,19:44,19:47,19:54,,,,,,,
90959,,,18:47,18:50,18:52,18:55,18:57,19:00,19:03,19:06,19:08,19:10,19:13,19:18,19:22,19:26,19:29,19:34,19:38,19:41,19:43,19:47,19:50,19:57,,,,,,,
90963,,,,,,,,,,,,,,,,,,19:21,,,,,,19:37,19:43,19:48,19:54,20:00,20:05,20:11,20:19
90965,,,18:51,18:54,18:56,18:59,19:01,19:04,19:07,19:10,19:12,19:14,19:17,19:21,19:25,19:29,19:32,19:37,19:41,19:44,19:46,19:50,19:53,19:59,20:04,20:09,20:14,20:20,20:25,20:32,20:39
90967,,,18:52,18:55,18:57,19:00,19:02,,,,19:09,,,19:15,,,,19:25,,,,,,19:40,19:44,19:49,19:54,20:00,20:07,20:12,20:19
90969,,,18:54,18:57,18:59,19:02,19:04,19:07,19:10,19:13,19:15,19:17,19:20,19:24,19:28,19:32,19:35,19:42,19:46,19:49,19:53,,,,,,,,,,
90971,,,18:57,19:00,19:02,19:05,19:07,19:10,19:13,19:16,19:18,19:20,19:23,19:27,19:31,19:34,19:37,19:43,,,,,,,,,,,,,
90973,,,18:58,19:01,19:03,19:06,19:08,,,,19:15,,,19:20,,,,19:29,,,,,,19:44,19:49,19:54,19:59,20:05,20:10,20:15,20:22
90975,,,19:00,19:03,19:05,19:08,19:10,19:13,19:16,19:19,19:21,19:23,19:26,19:30,19:34,19:37,19:40,19:46,19:49,19:52,19:54,19:58,20:01,20:07,,,,,,,
90977,,,19:03,19:06,19:08,19:11,19:13,19:16,19:19,19:22,19:24,19:26,19:29,19:34,,,,,,,,,,,,,,,,,
90979,,,19:05,19:08,19:10,19:13,19:15,,,,19:23,,,19:28,,,,19:37,,,,,,19:54,19:59,20:04,20:09,20:15,20:22,,
93035,,,,,,,,,,,,,,,,,,,,,,,,,,,,,,,20:35
90981,,,19:07,19:10,19:12,19:15,19:17,19:20,19:23,19:26,19:28,19:30,19:33,19:37,19:40,19:42,19:45,19:51,19:55,19:58,20:01,20:05,20:08,20:15,,,,,,,
90983,,,19:09,19:12,19:14,19:17,19:19,,,,19:26,,,19:33,,,,19:41,,,,,,19:57,,,,,,,
90985,,,,,,,,,,,19:27,,,19:36,,,,19:44,,,,,,20:00,20:04,20:09,20:14,20:20,20:24,20:29,20:36
90987,,,19:10,19:13,19:15,19:18,19:20,19:23,19:26,19:29,19:31,19:33,19:36,19:40,19:43,19:45,19:48,19:55,,,,,,,,,,,,,
90991,,,19:14,19:17,19:19,19:22,19:24,19:27,19:30,19:33,19:35,19:37,19:40,19:44,19:47,19:49,19:52,19:57,20:01,20:04,20:08,,,,,,,,,,
92045,,,19:16,,,,19:24,,,,19:31,,,19:38,,,,19:47,,,,,,20:04,20:08,20:13,20:18,20:24,20:29,20:34,20:41
90993,,,19:19,19:22,19:24,19:27,19:29,,,,19:35,,,19:41,,,,19:50,19:53,,19:58,20:03,20:06,20:13,,,,,,,
90995,,,,,,,,,,,19:38,,,19:45,,,,19:54,,,,,,20:10,20:14,20:19,20:25,,,,
90997,,,,,,,,,,,,,,,,,,,,,,,,20:14,20:18,20:23,20:28,20:34,20:39,20:44,20:51
90999,,,,,,,,,,,,,,,,,,,,,,,,20:21,20:26,20:31,20:36,20:42,20:47,20:53,21:00
91001,,,19:20,19:23,19:25,19:28,19:30,19:33,19:36,19:39,19:41,19:43,19:46,19:50,19:53,19:56,19:59,20:04,20:07,20:10,20:12,20:17,20:20,20:27,,,,,,,
91003,,,19:25,19:28,19:30,19:33,19:35,,,,19:42,,,19:48,,,,19:57,20:01,,20:06,20:10,20:13,20:19,,,,,,,
91007,,,,,,,,,,,,,,19:52,19:56,19:59,20:02,20:07,20:10,20:13,20:15,20:20,20:23,20:29,20:34,20:39,20:44,20:50,20:55,21:00,21:07
91009,,,19:25,19:28,19:30,19:33,19:35,19:38,19:41,19:44,19:46,19:48,19:51,19:55,19:59,20:02,20:05,20:10,20:13,20:16,20:18,20:23,20:26,20:33,,,,,,,
91011,,,19:28,19:31,19:33,19:36,19:38,19:41,19:44,19:47,19:49,19:51,19:54,19:59,,,,,,,,,,,,,,,,,
91013,,,19:30,19:33,19:35,19:38,19:40,,,,19:47,,,19:52,,,,20:00,20:04,,20:09,20:14,20:17,20:22,,,,,,,
91015,,,19:31,19:34,19:36,19:39,19:41,19:44,19:47,19:50,19:52,19:54,19:57,20:01,20:04,20:06,20:09,20:14,20:18,20:21,20:24,,,,,,,,,,
91017,,,19:34,19:37,19:39,19:42,19:44,,,,19:51,,,19:56,,,,20:05,,,,,,20:19,20:22,20:27,20:32,20:38,20:43,20:48,20:55
91021,,,,,,,,,,,,,,,,,,20:13,20:17,20:20,20:22,20:26,20:29,20:36,20:39,20:44,20:49,20:55,21:00,21:05,21:12
91023,,,19:34,19:37,19:39,19:42,19:44,19:47,19:50,19:53,19:55,19:57,20:00,20:04,20:07,20:09,20:12,20:19,,,,,,,,,,,,,
91027,,,19:37,19:40,19:42,19:45,19:47,19:50,19:53,19:56,19:58,20:00,20:03,20:07,20:10,20:13,20:16,20:21,20:24,20:27,20:29,20:33,20:36,20:43,,,,,,,
91029,,,19:40,19:43,19:45,19:48,19:50,,,,19:58,,,20:03,,,,20:12,,,,,,20:28,20:33,20:38,20:43,20:49,20:54,20:59,21:06
91031,,,19:43,19:46,19:48,19:51,19:53,,,,20:01,,,20:06,,,,20:15,,,,,,20:32,20:37,20:42,20:47,,,,
91033,,,,,,,,,,,,,,20:11,20:15,20:17,20:20,20:26,20:30,20:33,20:35,20:39,20:42,20:48,20:52,20:57,21:02,21:08,21:13,21:18,21:25
91035,,,19:45,19:48,19:50,19:53,19:55,19:58,20:01,20:04,20:06,20:08,20:11,20:15,20:18,20:20,20:23,20:29,20:33,20:36,20:38,20:42,20:45,20:52,,,,,,,
91037,,,19:48,19:51,19:53,19:56,19:58,20:01,20:04,20:07,20:09,20:11,20:14,20:18,20:21,20:23,20:26,20:31,20:35,20:38,20:41,,,,,,,,,,
94011,,,19:49,19:52,19:54,19:57,19:59,,,,20:07,,,20:12,,,,20:21,,,,,,20:37,20:41,20:46,20:51,20:57,21:02,21:07,21:14
91041,,,,,,,,,,,,,,,,,,20:32,20:36,20:39,20:41,20:45,20:48,20:55,20:59,21:04,21:09,21:15,21:20,21:25,21:32
91043,,,19:51,19:54,19:56,19:59,20:01,20:04,20:07,20:10,20:12,20:14,20:17,20:21,20:25,20:27,20:30,20:36,20:40,20:43,20:45,20:49,20:52,20:59,,,,,,,
91045,,,19:52,19:55,19:57,20:00,20:02,,,,20:09,,,20:14,,,,20:23,20:27,,20:32,20:36,20:39,20:45,,,,,,,
92047,,,,,,,,,,,,,,,,,,20:25,,,,,,20:41,20:44,20:49,20:54,21:00,21:05,,
91049,,,19:54,19:57,19:59,20:02,20:04,20:07,20:10,20:13,20:15,20:17,20:20,20:24,20:28,20:30,20:33,20:39,20:43,20:46,20:48,20:52,20:55,21:02,,,,,,,
91051,,,19:56,19:59,20:01,20:04,20:06,,,,20:13,,,20:19,,,,20:29,,,,,,20:45,20:48,20:53,20:58,21:04,21:09,21:14,21:21
92049,,,,,,,,,,,,,,,,,,,,,,,,20:50,20:56,21:01,21:06,21:12,21:17,21:22,21:28
91055,,,19:57,20:00,20:02,20:05,20:07,20:10,20:13,20:16,20:19,20:21,20:24,20:28,20:32,20:34,20:37,20:42,20:46,20:49,20:52,,,,,,,,,,
91057,,,20:01,20:04,20:06,20:09,20:11,20:14,20:17,20:20,20:22,20:24,20:27,20:31,20:34,20:36,20:39,20:45,20:49,20:52,20:54,20:58,21:01,21:08,,,,,,,
91059,,,20:03,20:06,20:08,20:11,20:13,,,,20:20,,,20:25,,,,20:34,20:37,,20:42,20:46,20:49,20:56,,,,,,,
91061,,,,,,,,,,,20:23,,,20:29,,,,20:37,20:40,,20:45,20:49,20:52,20:59,,,,,,,
91063,,,20:04,20:07,20:09,20:12,20:14,20:17,20:20,20:23,20:25,20:27,20:30,20:34,20:37,20:40,20:43,20:49,20:53,20:56,21:00,,,,,,,,,,
91065,,,20:07,20:10,20:12,20:15,20:17,20:20,20:23,20:26,20:28,20:30,20:33,20:38,,,,,,,,,,,,,,,,,
91067,,,20:10,20:13,20:15,20:18,20:20,,,,20:27,,,20:33,,,,20:42,20:46,,20:51,20:55,20:58,21:04,,,,,,,
91069,,,20:10,20:13,20:15,20:18,20:20,20:23,20:26,20:29,20:31,20:33,20:36,20:40,20:43,20:45,20:48,20:53,,,,,,,,,,,,,
92051,,,20:14,,,,20:23,,,,20:30,,,20:36,,,,20:46,,,,,,21:02,21:06,21:11,21:15,21:21,21:26,21:31,21:39
91073,,,,,,,,,,,,,,,,,,20:50,,,,,,21:05,21:09,21:14,21:19,21:25,21:30,21:35,21:42
91075,,,20:13,20:16,20:18,20:21,20:23,20:26,20:29,20:32,20:34,20:36,20:39,20:43,20:46,20:48,20:51,20:57,21:00,21:03,21:05,21:09,21:12,21:18,,,,,,,
91077,,,,,,,,,,,,,,20:46,20:50,20:52,20:55,21:00,21:03,21:06,21:08,21:12,21:15,21:20,21:24,21:29,21:35,,,,
91079,,,20:19,20:22,20:24,20:27,20:30,20:33,20:36,20:39,20:41,20:43,20:46,20:50,20:53,20:56,20:59,21:04,21:07,21:10,21:12,21:16,21:19,21:26,,,,,,,
91081,,,20:19,20:22,20:24,20:27,20:29,,,,20:36,,,20:41,,,,20:50,20:54,,20:59,21:03,21:06,21:12,,,,,,,
93037,,,20:24,20:27,20:29,20:32,20:34,,,,20:41,,,20:46,,,,20:55,,,,,,21:09,,,21:20,,21:32,,21:41
91085,,,,,,,,,,,,,,,,,,,,,,,,21:16,21:21,21:26,21:31,21:37,21:42,21:48,21:56
91087,,,,,,,,,,,,,,,,,,,,,,,,21:24,21:29,21:34,21:39,21:45,21:50,21:55,22:02
91089,,,20:24,20:27,20:29,20:32,20:34,20:37,20:40,20:43,20:45,20:47,20:50,20:55,,,,,,,,,,,,,,,,,
91091,,,20:27,20:30,20:32,20:35,20:37,,,,20:44,,,20:50,,,,20:59,,,,,,21:13,21:16,21:21,21:26,21:32,21:36,21:41,21:47
91093,,,,,,,,,,,20:47,,,20:54,,,,21:02,,,,,,21:18,21:21,21:26,21:31,21:37,21:41,21:46,21:52
91095,,,20:27,20:30,20:32,20:35,20:37,20:40,20:43,20:46,20:48,20:50,20:53,20:57,21:01,21:04,21:07,21:13,21:17,21:20,21:24,,,,,,,,,,
91097,,,20:30,20:33,20:35,20:38,20:41,,,,20:50,,,20:57,,,,21:05,,,,,,21:21,,,,,,,
91099,,,,,,,,,,,,,,,,,,21:10,21:14,21:17,21:19,21:23,21:26,21:32,21:36,21:41,21:47,,,,
91101,,,20:30,20:33,20:35,20:38,20:40,20:43,20:46,20:49,20:51,20:53,20:56,21:00,21:04,21:06,21:09,21:15,21:18,21:21,21:23,21:27,21:30,21:36,,,,,,,
91103,,,20:33,20:36,20:38,20:41,20:43,20:46,20:49,20:52,20:54,20:56,20:59,21:03,21:07,21:09,21:12,21:18,21:21,21:24,21:26,21:30,21:33,21:39,,,,,,,
91105,,,20:37,20:40,20:42,20:45,20:47,20:50,20:53,20:56,20:58,21:00,21:03,21:07,21:11,21:13,21:16,21:22,21:25,21:28,21:30,21:34,21:37,21:43,,,,,,,
91107,,,20:38,20:41,20:43,20:46,20:48,,,,20:55,,,21:00,,,,21:09,,,,,,21:24,21:28,21:33,21:38,21:44,21:49,21:54,22:00
91109,,,20:41,20:44,20:46,20:49,20:51,,,,20:58,,,21:03,,,,21:12,,,,,,21:28,,,,,,,
91111,,,20:41,20:44,20:46,20:49,20:51,20:54,20:57,21:00,21:02,21:04,21:07,21:11,21:14,21:16,21:19,21:25,21:28,21:31,21:33,21:37,21:40,21:45,21:49,21:54,21:59,22:05,22:10,22:15,22:23
91113,,,20:44,20:47,20:49,20:52,20:54,20:57,21:00,21:03,21:05,21:07,21:10,21:14,,,,,,,,,,,,,,,,,
91117,,,,,,,,,,,,,,,,,,21:31,21:35,21:38,21:40,21:44,21:47,21:53,21:57,22:02,22:07,22:13,22:18,22:23,22:30
91119,,,20:52,20:55,20:57,21:00,21:02,,,,21:09,,,21:14,,,,21:22,,,,,,21:36,21:40,21:45,21:50,21:56,22:01,22:06,22:12
91121,,,20:52,20:55,20:57,21:00,21:02,21:05,21:08,21:11,21:13,21:15,21:18,21:22,21:26,21:28,21:31,21:36,21:40,21:43,21:45,21:50,21:53,21:59,,,,,,,
91123,,,,,,,,,,,21:12,,,21:19,,,,21:27,21:30,,21:35,21:40,21:44,21:51,,,,,,,
91125,,,20:55,20:58,21:00,21:03,21:05,21:08,21:11,21:14,21:16,21:18,21:21,21:25,21:29,21:31,21:34,21:40,21:45,21:48,21:50,21:54,21:57,22:04,,,,,,,
91127,,,,,,,,,,,,,,,,,,,,,,,,22:00,22:06,22:11,22:16,22:22,22:27,22:32,22:39
91129,,,20:58,21:01,21:03,21:06,21:08,21:11,21:14,21:17,21:20,21:22,21:25,21:29,21:33,21:36,21:39,21:45,21:49,21:52,21:56,,,,,,,,,,
91133,,,21:02,21:05,21:07,21:10,21:12,,,,21:19,,,21:24,,,,21:32,21:35,,21:40,21:46,,,,,,,,,
91135,,,21:05,21:08,21:10,21:13,21:15,21:18,21:21,21:24,21:26,21:28,21:31,21:35,21:39,21:42,21:45,21:49,21:53,21:56,21:58,22:02,22:05,22:11,22:15,22:20,22:25,22:31,22:36,22:41,22:49
91137,,,,,,,,,,,21:26,,,21:33,,,,21:42,,,,,,21:57,22:01,22:06,22:11,22:17,22:23,22:28,22:35
91139,,,21:08,21:11,21:13,21:16,21:18,21:21,21:24,21:27,21:30,21:32,21:35,21:39,21:43,21:46,21:49,21:53,21:57,22:00,22:02,22:06,22:09,22:14,,,,,,,
91143,,,21:12,21:15,21:17,21:20,21:22,,,,21:29,,,21:36,,,,21:45,21:49,,21:54,21:58,22:01,22:07,,,,,,,
91147,,,21:14,21:17,21:19,21:22,21:24,,,,,,,,,,,,,,,,,,,,,,,,
91149,,,,,,,,,,,,,,,,,,21:55,22:00,22:03,22:05,22:09,22:12,22:19,22:25,22:30,22:35,22:41,22:46,,
91151,,,21:17,21:20,21:22,21:25,21:27,21:30,21:33,21:36,21:38,21:40,21:43,21:47,21:50,21:52,21:55,22:01,22:04,22:07,22:09,22:13,22:16,22:22,,,,,,,
91153,,,21:20,21:23,21:25,21:28,21:30,21:33,21:36,21:39,21:41,21:43,21:46,21:50,21:53,21:55,21:58,22:04,22:08,22:11,22:13,22:17,22:20,22:27,,,,,,,
91155,,,21:22,21:25,21:27,21:30,21:32,,,,21:39,,,21:44,,,,21:52,,,,,,22:07,22:12,22:17,22:22,22:28,22:33,22:38,22:46
91157,,,21:23,21:26,21:28,21:31,21:33,21:36,21:39,21:42,21:44,21:46,21:49,21:53,21:56,21:58,22:01,22:07,22:10,22:13,22:15,22:19,22:22,22:29,22:33,22:38,22:44,,,,
91159,,,21:26,21:29,21:31,21:34,21:36,21:39,21:42,21:45,21:47,21:49,21:52,21:56,21:59,22:01,22:04,22:10,22:13,22:16,22:18,22:22,22:25,22:34,,,,,,,
91161,,,21:30,21:33,21:35,21:38,21:40,,,,21:47,,,21:52,,,,22:00,,,,,,22:15,22:21,22:26,22:31,22:37,22:42,22:48,22:55
92053,,,,,,,,,,,,,,,,,,22:12,,,,,,22:29,22:32,22:37,22:42,22:47,22:52,22:57,23:05
91167,,,21:33,21:36,21:38,21:41,21:43,21:46,21:49,21:52,21:54,21:56,21:59,22:03,,,,,,,,,,,,,,,,,
91169,,,,,,,,,,,,,,,,,,22:16,22:20,22:23,22:25,22:29,22:32,22:37,22:41,22:46,22:52,,,,
91171,,,,,,,,,,,,,,,,,,,,,,,,22:41,22:47,22:52,22:57,23:03,23:08,23:14,
91173,,,21:36,21:39,21:41,21:44,21:46,21:49,21:52,21:55,21:57,21:59,22:02,22:06,22:09,22:11,22:14,22:20,22:23,22:26,22:28,22:32,22:35,22:42,,,,,,,
91175,,,21:39,21:42,21:44,21:47,21:49,21:52,21:55,21:58,22:00,22:02,22:05,22:09,22:12,22:14,22:17,22:23,22:27,22:30,22:32,22:36,22:39,22:46,,,,,,,
91177,,,21:42,21:45,21:47,21:50,21:52,21:55,21:58,22:01,22:03,22:05,22:08,22:12,22:15,22:17,22:20,22:26,22:30,22:33,22:35,22:39,22:43,22:49,,,,,,,
91179,,,21:44,21:47,21:49,21:52,21:54,,,,22:02,,,22:07,,,,22:16,,,,,,22:32,22:36,22:41,22:46,22:52,22:57,23:03,23:10
91181,,,21:45,21:48,21:50,21:53,21:55,21:58,22:01,22:04,22:06,22:08,22:11,22:15,22:18,22:20,22:23,22:29,22:33,22:36,22:38,22:42,22:46,22:52,,,,,,,
91183,,,21:48,21:51,21:53,21:56,21:58,,,,22:06,,,22:11,,,,22:19,22:22,,22:26,22:30,22:33,22:39,,,,,,,
91185,,,21:48,21:51,21:53,21:56,21:58,22:01,22:04,22:07,22:09,22:11,22:14,22:18,22:21,22:23,22:26,22:32,22:36,22:39,22:41,22:45,22:49,22:56,,,,,,,
91187,,,21:51,21:54,21:56,21:59,22:01,,,,22:08,,,22:14,,,,22:22,22:25,,22:29,22:34,,,,,,,,,
91191,,,21:51,21:54,21:56,21:59,22:01,22:04,22:07,22:10,22:12,22:14,22:17,22:21,22:25,22:27,22:30,22:36,22:40,22:43,22:45,22:49,22:52,22:59,,,,,,,
91193,,,,,,,,,,,,,,,,,,,,,,,,22:55,22:59,23:04,23:10,,,,
91195,,,,,,,,,,,,,,,,,,22:40,22:44,22:47,22:49,22:53,22:56,23:02,23:06,23:11,23:16,23:22,23:27,23:33,
91199,,,21:57,22:00,22:02,22:05,22:07,,,,22:14,,,22:20,,,,22:29,,,,,,22:45,22:50,22:55,23:00,23:06,23:11,23:16,23:22
91201,,,22:01,22:04,22:06,22:09,22:11,,,,22:18,,,22:24,,,,22:33,,,,,,22:49,22:54,22:59,23:04,23:10,23:15,23:20,23:26
91203,,,,,,,,,,,,,,22:30,22:35,22:37,22:40,22:46,22:49,22:52,22:54,22:59,23:02,23:08,23:12,23:17,23:22,23:28,23:33,23:38,23:45
91205,,,22:04,22:07,22:09,22:12,22:14,22:17,22:20,22:23,22:25,22:27,22:30,22:34,22:38,22:40,22:43,22:49,22:52,22:55,22:57,23:02,23:05,23:11,,,,,,,
91207,,,22:11,22:14,22:16,22:19,22:21,22:24,22:27,22:30,22:32,22:34,22:37,22:41,22:44,22:46,22:49,22:54,22:57,23:00,23:02,23:06,23:09,23:15,,,,,,,
91209,,,22:12,22:15,22:17,22:20,22:22,,,,22:29,,,22:35,,,,22:43,22:46,,22:51,22:56,22:59,23:05,,,,,,,
91211,,,22:14,22:17,22:19,22:22,22:24,22:27,22:30,22:33,22:35,22:37,22:40,22:44,,,,,,,,,,,,,,,,,
91213,,,22:18,22:21,22:23,22:26,22:28,,,,22:35,,,22:40,,,,22:48,,,,,,23:03,23:06,23:11,23:16,23:22,23:27,23:32,23:39
91217,,,,,,,,,,,,,,,,,,,,,,,,23:16,23:20,23:25,23:30,23:36,23:41,23:46,23:52
91219,,,22:22,22:25,22:27,22:30,22:32,22:35,22:38,22:41,22:43,22:45,22:48,22:52,22:55,22:57,23:00,23:06,23:09,23:12,23:14,23:18,23:21,23:27,,,,,,,
91221,,,22:25,22:28,22:30,22:33,22:35,,,,22:42,,,22:47,,,,22:55,22:58,,23:02,23:06,23:09,23:15,,,,,,,
91223,,,22:26,22:29,22:31,22:34,22:36,22:39,22:42,22:45,22:47,22:49,22:52,22:56,22:59,23:01,23:04,23:09,23:12,23:15,23:17,23:21,23:24,23:30,23:34,23:39,23:45,,,,
91225,,,22:30,22:33,22:35,22:38,22:40,,,,22:47,,,22:52,,,,23:00,23:03,,23:08,23:12,23:15,23:20,23:24,23:29,23:34,23:40,23:45,23:50,23:56
91227,,,,,,,,,,,,,,,,,,23:12,23:16,23:19,23:21,23:25,23:28,23:34,23:38,23:43,23:48,23:54,23:59,00:05,
91229,,,22:36,22:39,22:41,22:44,22:46,22:49,22:52,22:55,22:57,22:59,23:02,23:06,23:09,23:11,23:14,23:19,23:22,23:25,23:27,23:31,23:34,23:40,23:44,23:49,23:55,,,,
91231,,,22:39,22:42,22:44,22:47,22:49,,,,22:56,,,23:01,,,,23:10,,,,,,23:24,23:28,23:33,23:38,23:44,23:49,23:54,00:00
91233,,,22:39,22:42,22:44,22:47,22:49,22:52,22:55,22:58,23:00,23:02,23:05,23:09,23:12,23:14,23:17,23:22,23:25,23:28,23:30,23:34,23:37,23:44,,,,,,,
91235,,,22:45,22:48,22:50,22:53,22:55,22:58,23:01,23:04,23:06,23:08,23:11,23:15,,,,,,,,,,,,,,,,,
91237,,,22:49,22:52,22:54,22:57,22:59,,,,23:06,,,23:11,,,,23:20,23:23,,23:28,23:32,23:35,23:42,,,,,,,
91239,,,22:49,22:52,22:54,22:57,22:59,23:02,23:05,23:08,23:10,23:12,23:15,23:19,23:22,23:24,23:27,23:33,23:36,23:39,23:41,23:45,23:48,23:55,,,,,,,
91241,,,,,,,,,,,,,,,,,,23:40,23:43,23:46,23:48,23:52,23:55,00:01,00:05,00:10,00:15,00:21,00:26,00:31,00:38
91243,,,22:56,22:59,23:01,23:04,23:06,,,,23:13,,,23:18,,,,23:27,23:30,,23:35,23:39,23:42,23:48,23:52,23:57,00:02,00:08,00:13,00:18,00:25
91245,,,23:03,23:06,23:08,23:11,23:13,23:16,23:19,23:22,23:24,23:26,23:29,23:33,23:36,23:38,23:41,23:47,23:50,23:53,23:55,23:59,00:02,00:09,,,,,,,
91247,,,23:06,23:09,23:11,23:14,23:16,23:19,23:22,23:25,23:27,23:29,23:32,23:36,,,,,,,,,,,,,,,,,
91247A,,,23:09,23:12,23:14,23:17,23:19,23:22,23:25,23:28,23:30,23:32,23:35,23:39,23:42,23:44,23:47,23:52,23:55,23:58,00:00,00:04,00:07,00:13,00:17,00:22,00:28,,,,
91249,,,23:12,23:15,23:17,23:20,23:22,,,,23:29,,,23:34,,,,23:43,23:47,,23:52,23:56,23:59,00:05,00:09,00:14,00:20,,,,
91251,,,23:15,23:18,23:20,23:23,23:25,23:28,23:31,23:34,23:36,23:39,23:42,23:46,23:49,23:51,23:54,23:59,00:02,00:05,00:07,00:11,00:14,00:21,,,,,,,
91253,,,,,,,,,,,,,,,,,,23:55,,,,,,00:10,00:13,00:18,00:25,,,,
91255,,,23:21,23:24,23:26,23:29,23:31,23:34,23:37,23:40,23:42,23:44,23:47,23:51,23:54,23:56,23:59,00:05,00:08,00:11,00:13,00:17,00:20,00:25,00:28,00:33,00:40,,,,
91257,,,23:23,23:26,23:28,23:31,23:33,,,,23:40,,,23:46,,,,23:56,00:00,,00:05,00:09,00:12,00:18,00:21,00:26,00:31,00:37,00:42,00:47,00:53
91259,,,23:27,23:30,23:32,23:35,23:37,23:40,23:43,23:46,23:48,23:50,23:53,23:57,00:00,00:03,00:06,00:12,00:15,00:18,00:21,00:25,00:28,00:34,00:38,00:43,00:50,,,,
91261,,,23:30,23:33,23:35,23:38,23:40,23:43,23:46,23:49,23:51,23:53,23:56,00:01,,,,,,,,,,,,,,,,,
91263,,,23:37,23:40,23:42,23:45,23:47,,,,23:54,,,23:59,,,,00:08,00:11,,00:16,00:20,00:23,00:28,00:32,00:37,00:42,00:48,00:53,00:58,01:05
91265,,,23:40,23:43,23:45,23:48,23:50,23:53,23:56,23:59,00:01,00:03,00:06,00:10,00:13,00:15,00:18,00:24,00:27,00:30,00:32,00:36,00:39,00:45,00:49,00:54,01:00,,,,
91267,,,23:46,23:49,23:51,23:54,23:56,23:59,00:02,00:05,00:07,00:09,00:12,00:16,00:19,00:21,00:24,00:30,00:33,00:36,00:38,00:42,00:45,00:51,00:55,01:00,01:05,01:11,01:16,01:20,
91269,,,23:49,23:52,23:54,23:57,23:59,00:02,00:05,00:08,00:10,00:12,00:15,00:19,,,,,,,,,,,,,,,,,
91271,,,23:52,23:55,23:57,00:00,00:02,00:05,00:08,00:11,00:13,00:15,00:18,00:22,00:26,00:28,00:31,00:37,00:40,00:43,00:45,00:49,00:52,00:59,,,,,,,
91273,,,23:58,00:01,00:03,00:06,00:08,00:11,00:14,00:17,00:19,00:21,00:24,00:28,00:31,00:33,00:36,00:42,00:45,00:48,00:50,00:54,00:57,01:03,01:07,01:12,01:17,01:23,01:28,01:33,01:40
91275,,,00:01,00:04,00:06,00:09,00:11,00:14,00:17,00:20,00:22,00:24,00:27,00:32,,,,,,,,,,,,,,,,,
91277,,,,,,,,,,,,,,,,,,00:46,00:49,00:52,00:54,00:58,01:01,01:07,01:11,01:16,01:23,,,,
91279,,,00:09,00:12,00:14,00:17,00:19,00:22,00:25,00:28,00:30,00:32,00:35,00:40,00:43,00:45,00:48,00:53,00:56,00:59,01:01,01:05,01:08,01:14,01:18,01:23,01:29,,,,
91281,,,00:13,00:16,00:18,00:21,00:23,00:26,00:29,00:32,00:34,00:36,00:39,00:44,,,,,,,,,,,,,,,,,
91283,,,00:16,00:19,00:21,00:24,00:26,00:29,00:32,00:35,00:37,00:39,00:42,00:46,00:49,00:51,00:54,01:00,01:03,01:06,01:08,01:12,01:15,01:22,,,,,,,
91285,,,00:20,00:23,00:25,00:28,00:30,00:33,00:36,00:39,00:41,00:43,00:46,00:50,00:53,00:55,00:58,01:04,01:07,01:10,01:12,01:16,01:19,01:24,01:27,01:32,01:37,01:43,01:48,01:53,02:00
91287,,,00:28,00:31,00:33,00:36,00:38,00:41,00:44,00:47,00:49,00:51,00:54,00:58,01:01,01:03,01:06,01:11,01:14,01:17,01:19,01:23,01:26,01:32,01:36,01:41,01:48,,,,
91289,,,00:31,00:34,00:36,00:39,00:41,00:44,00:47,00:50,00:52,00:54,00:57,01:01,01:04,01:06,01:09,01:15,,,,,,,,,,,,,
91291,,,00:38,00:41,00:43,00:46,00:48,00:51,00:54,00:57,00:59,01:01,01:04,01:08,01:11,01:13,01:16,01:22,01:25,01:28,01:30,01:34,01:37,01:43,,,,,,,
91293,,,00:43,00:46,00:48,00:51,00:53,00:56,00:59,01:02,01:04,01:06,01:09,01:13,01:16,01:18,01:21,01:27,01:30,01:33,01:35,01:39,01:42,01:48,01:52,01:57,02:03,,,,
91295,,,00:50,00:53,00:55,00:58,01:00,01:03,01:06,01:09,01:11,01:13,01:16,01:21,01:24,01:26,01:29,01:34,01:37,01:40,01:42,01:46,01:49,01:54,01:58,02:03,02:08,02:14,02:19,02:24,02:30
91297,,,01:00,01:03,01:05,01:08,01:10,01:13,01:16,01:19,01:21,01:23,01:26,01:30,01:33,01:35,01:38,01:44,01:47,01:50,01:52,01:56,01:59,02:05,,,,,,,